date,revenue_ex_gst,cogs_dollars,cogs_pct,wages_dollars,wages_pct,delivery_dollars,delivery_pct,gp_dollars,gp_pct,cogs_alert,wages_alert,delivery_alert,gp_alert,food_ex_gst,bev_ex_gst,food_cogs,bev_cogs,food_cogs_pct,bev_cogs_pct,food_gp_pct,bev_gp_pct,wages_kitchen_dollars,wages_foh_dollars,wages_kitchen_pct,wages_foh_pct,cogs_food_alert,cogs_bev_alert,wages_kitchen_alert,wages_foh_alert,uber_eats_revenue,uber_direct_dollars
2024-11-06,1.73,0.0,0.0,,,,,1.73,100.0,green,unknown,n/a,unknown,0.0,1.73,0.0,0.0,,0.0,,100.0,,,,,unknown,green,unknown,unknown,0,
2024-11-11,184.55,49.0,26.6,,,,,135.55,73.4,green,unknown,n/a,unknown,0.0,184.55,0.0,49.0,,26.6,,73.4,,,,,unknown,amber,unknown,unknown,0,
2024-11-13,633.5,39.52,6.2,,,,,593.98,93.8,green,unknown,n/a,unknown,451.15,182.35,0.0,39.52,0.0,21.7,100.0,78.3,,,,,green,green,unknown,unknown,0,
2024-11-14,8.18,0.0,0.0,,,,,8.18,100.0,green,unknown,n/a,unknown,0.0,8.18,0.0,0.0,,0.0,,100.0,,,,,unknown,green,unknown,unknown,0,
2024-11-15,1908.38,58.98,3.1,,,,,1849.4,96.9,green,unknown,n/a,unknown,1087.57,820.81,0.0,58.98,0.0,7.2,100.0,92.8,,,,,green,green,unknown,unknown,0,
2024-11-16,4889.94,195.65,4.0,,,,,4694.29,96.0,green,unknown,n/a,unknown,2374.74,2515.2,0.0,195.65,0.0,7.8,100.0,92.2,,,,,green,green,unknown,unknown,0,
2024-11-17,3239.03,82.29,2.5,,,,,3156.74,97.5,green,unknown,n/a,unknown,1680.55,1558.48,0.0,82.29,0.0,5.3,100.0,94.7,,,,,green,green,unknown,unknown,0,
2024-11-20,1886.54,47.05,2.5,,,,,1839.49,97.5,green,unknown,n/a,unknown,1259.51,627.03,0.0,47.05,0.0,7.5,100.0,92.5,,,,,green,green,unknown,unknown,0,
2024-11-21,3190.45,242.84,7.6,,,,,2947.61,92.4,green,unknown,n/a,unknown,1807.6,1382.85,0.0,242.84,0.0,17.6,100.0,82.4,,,,,green,green,unknown,unknown,0,
2024-11-22,5375.16,385.15,7.2,,,,,4990.01,92.8,green,unknown,n/a,unknown,2810.65,2564.52,0.0,385.15,0.0,15.0,100.0,85.0,,,,,green,green,unknown,unknown,0,
2024-11-23,3416.36,222.38,6.5,,,,,3193.98,93.5,green,unknown,n/a,unknown,2011.66,1404.7,0.0,222.38,0.0,15.8,100.0,84.2,,,,,green,green,unknown,unknown,0,
2024-11-24,4154.07,292.85,7.0,,,,,3861.22,93.0,green,unknown,n/a,unknown,2457.83,1696.25,0.0,292.85,0.0,17.3,100.0,82.7,,,,,green,green,unknown,unknown,0,
2024-11-25,1771.35,102.12,5.8,,,,,1669.23,94.2,green,unknown,n/a,unknown,1179.54,591.82,0.0,102.12,0.0,17.3,100.0,82.7,,,,,green,green,unknown,unknown,0,
2024-11-27,3180.84,186.02,5.8,,,,,2994.82,94.2,green,unknown,n/a,unknown,1740.88,1439.95,0.0,186.02,0.0,12.9,100.0,87.1,,,,,green,green,unknown,unknown,0,
2024-11-28,3233.31,198.76,6.1,,,,,3034.55,93.9,green,unknown,n/a,unknown,2098.73,1134.58,0.0,198.76,0.0,17.5,100.0,82.5,,,,,green,green,unknown,unknown,0,
2024-11-29,2693.12,295.59,11.0,,,,,2397.53,89.0,green,unknown,n/a,unknown,1395.72,1297.4,0.0,295.59,0.0,22.8,100.0,77.2,,,,,green,yellow,unknown,unknown,0,
2024-11-30,4950.39,501.41,10.1,,,,,4448.98,89.9,green,unknown,n/a,unknown,2459.24,2491.15,0.0,501.41,0.0,20.1,100.0,79.9,,,,,green,green,unknown,unknown,0,
2024-12-01,3687.58,324.4,8.8,,,,,3363.18,91.2,green,unknown,n/a,unknown,2128.04,1559.55,0.0,324.4,0.0,20.8,100.0,79.2,,,,,green,green,unknown,unknown,0,
2024-12-02,2393.51,193.98,8.1,,,,,2199.53,91.9,green,unknown,n/a,unknown,1508.73,884.78,0.0,193.98,0.0,21.9,100.0,78.1,,,,,green,green,unknown,unknown,0,
2024-12-04,2644.95,197.26,7.5,,,,,2447.69,92.5,green,unknown,n/a,unknown,1615.92,1029.03,0.0,197.26,0.0,19.2,100.0,80.8,,,,,green,green,unknown,unknown,0,
2024-12-05,3352.3,291.4,8.7,,,,,3060.9,91.3,green,unknown,n/a,unknown,2035.85,1316.45,0.0,291.4,0.0,22.1,100.0,77.9,,,,,green,yellow,unknown,unknown,0,
2024-12-06,4558.37,468.74,10.3,,,,,4089.63,89.7,green,unknown,n/a,unknown,2393.59,2164.78,0.0,468.74,0.0,21.7,100.0,78.3,,,,,green,green,unknown,unknown,0,
2024-12-07,3804.43,307.63,8.1,,,,,3496.8,91.9,green,unknown,n/a,unknown,2180.7,1623.73,0.0,307.63,0.0,18.9,100.0,81.1,,,,,green,green,unknown,unknown,0,
2024-12-08,2358.58,197.4,8.4,,,,,2161.18,91.6,green,unknown,n/a,unknown,1451.99,906.59,0.0,197.4,0.0,21.8,100.0,78.2,,,,,green,green,unknown,unknown,0,
2024-12-09,1380.18,110.44,8.0,,,,,1269.74,92.0,green,unknown,n/a,unknown,821.0,559.18,0.0,110.44,0.0,19.8,100.0,80.2,,,,,green,green,unknown,unknown,0,
2024-12-11,3430.95,339.03,9.9,,,,,3091.92,90.1,green,unknown,n/a,unknown,2075.66,1355.29,0.0,339.03,0.0,25.0,100.0,75.0,,,,,green,amber,unknown,unknown,0,
2024-12-12,3198.08,268.57,8.4,,,,,2929.51,91.6,green,unknown,n/a,unknown,1962.02,1236.06,0.0,268.57,0.0,21.7,100.0,78.3,,,,,green,green,unknown,unknown,0,
2024-12-13,4182.25,449.53,10.7,,,,,3732.72,89.3,green,unknown,n/a,unknown,1874.56,2307.68,0.0,449.53,0.0,19.5,100.0,80.5,,,,,green,green,unknown,unknown,0,
2024-12-14,5026.02,494.3,9.8,,,,,4531.72,90.2,green,unknown,n/a,unknown,2787.93,2238.09,0.0,494.3,0.0,22.1,100.0,77.9,,,,,green,yellow,unknown,unknown,0,
2024-12-15,3369.29,364.34,10.8,,,,,3004.95,89.2,green,unknown,n/a,unknown,1835.93,1533.36,0.0,364.34,0.0,23.8,100.0,76.2,,,,,green,yellow,unknown,unknown,0,
2024-12-16,2114.0,218.03,10.3,,,,,1895.97,89.7,green,unknown,n/a,unknown,1198.21,915.79,0.0,218.03,0.0,23.8,100.0,76.2,,,,,green,yellow,unknown,unknown,0,
2024-12-18,1961.52,191.97,9.8,,,,,1769.55,90.2,green,unknown,n/a,unknown,1100.6,860.92,0.0,191.97,0.0,22.3,100.0,77.7,,,,,green,yellow,unknown,unknown,0,
2024-12-19,3904.45,331.26,8.5,,,,,3573.19,91.5,green,unknown,n/a,unknown,2368.41,1536.04,0.0,331.26,0.0,21.6,100.0,78.4,,,,,green,green,unknown,unknown,0,
2024-12-20,5984.57,739.29,12.4,,,,,5245.28,87.6,green,unknown,n/a,unknown,2647.3,3337.27,0.0,739.29,0.0,22.2,100.0,77.8,,,,,green,yellow,unknown,unknown,0,
2024-12-21,4130.05,419.94,10.2,,,,,3710.11,89.8,green,unknown,n/a,unknown,2285.5,1844.55,0.0,419.94,0.0,22.8,100.0,77.2,,,,,green,yellow,unknown,unknown,0,
2024-12-22,3538.53,262.49,7.4,,,,,3276.04,92.6,green,unknown,n/a,unknown,2334.13,1204.4,0.0,262.49,0.0,21.8,100.0,78.2,,,,,green,green,unknown,unknown,0,
2024-12-23,3835.54,362.78,9.5,,,,,3472.76,90.5,green,unknown,n/a,unknown,2185.09,1650.45,0.0,362.78,0.0,22.0,100.0,78.0,,,,,green,green,unknown,unknown,0,
2024-12-27,3276.65,340.43,10.4,,,,,2936.22,89.6,green,unknown,n/a,unknown,1700.4,1576.25,0.0,340.43,0.0,21.6,100.0,78.4,,,,,green,green,unknown,unknown,0,
2024-12-28,4190.79,300.35,7.2,,,,,3890.44,92.8,green,unknown,n/a,unknown,2699.25,1491.54,0.0,300.35,0.0,20.1,100.0,79.9,,,,,green,green,unknown,unknown,0,
2024-12-29,4964.46,399.34,8.0,,,,,4565.12,92.0,green,unknown,n/a,unknown,3143.88,1820.58,0.0,399.34,0.0,21.9,100.0,78.1,,,,,green,green,unknown,unknown,0,
2024-12-30,3149.68,324.23,10.3,,,,,2825.45,89.7,green,unknown,n/a,unknown,1753.66,1396.02,0.0,324.23,0.0,23.2,100.0,76.8,,,,,green,yellow,unknown,unknown,0,
2025-01-02,3716.33,305.28,8.2,,,,,3411.05,91.8,green,unknown,n/a,unknown,2103.35,1612.97,0.0,305.28,0.0,18.9,100.0,81.1,,,,,green,green,unknown,unknown,0,
2025-01-03,3345.32,285.51,8.5,,,,,3059.81,91.5,green,unknown,n/a,unknown,2072.9,1272.42,0.0,285.51,0.0,22.4,100.0,77.6,,,,,green,yellow,unknown,unknown,0,
2025-01-04,4113.97,393.84,9.6,,,,,3720.13,90.4,green,unknown,n/a,unknown,2269.18,1844.79,0.0,393.84,0.0,21.3,100.0,78.7,,,,,green,green,unknown,unknown,0,
2025-01-05,3713.87,294.43,7.9,,,,,3419.44,92.1,green,unknown,n/a,unknown,2451.21,1262.66,0.0,294.43,0.0,23.3,100.0,76.7,,,,,green,yellow,unknown,unknown,0,
2025-01-06,1703.36,130.81,7.7,,,,,1572.55,92.3,green,unknown,n/a,unknown,1123.45,579.91,0.0,130.81,0.0,22.6,100.0,77.4,,,,,green,yellow,unknown,unknown,0,
2025-01-08,834.55,53.47,6.4,,,,,781.08,93.6,green,unknown,n/a,unknown,566.32,268.23,0.0,53.47,0.0,19.9,100.0,80.1,,,,,green,green,unknown,unknown,0,
2025-01-09,2722.34,222.6,8.2,,,,,2499.74,91.8,green,unknown,n/a,unknown,1596.68,1125.65,0.0,222.6,0.0,19.8,100.0,80.2,,,,,green,green,unknown,unknown,0,
2025-01-10,4485.54,508.62,11.3,,,,,3976.92,88.7,green,unknown,n/a,unknown,2441.55,2043.98,0.0,508.62,0.0,24.9,100.0,75.1,,,,,green,yellow,unknown,unknown,0,
2025-01-11,4891.25,456.95,9.3,,,,,4434.3,90.7,green,unknown,n/a,unknown,2848.08,2043.17,0.0,456.95,0.0,22.4,100.0,77.6,,,,,green,yellow,unknown,unknown,0,
2025-01-12,3131.91,323.63,10.3,,,,,2808.28,89.7,green,unknown,n/a,unknown,1518.28,1613.63,0.0,323.63,0.0,20.1,100.0,79.9,,,,,green,green,unknown,unknown,0,
2025-01-13,1702.41,199.55,11.7,,,,,1502.86,88.3,green,unknown,n/a,unknown,971.25,731.16,0.0,199.55,0.0,27.3,100.0,72.7,,,,,green,amber,unknown,unknown,0,
2025-01-15,1624.48,116.99,7.2,,,,,1507.49,92.8,green,unknown,n/a,unknown,1058.46,566.02,0.0,116.99,0.0,20.7,100.0,79.3,,,,,green,green,unknown,unknown,0,
2025-01-16,2554.65,152.78,6.0,,,,,2401.87,94.0,green,unknown,n/a,unknown,1734.18,820.47,0.0,152.78,0.0,18.6,100.0,81.4,,,,,green,green,unknown,unknown,0,
2025-01-17,1296.76,113.9,8.8,,,,,1182.86,91.2,green,unknown,n/a,unknown,794.81,501.95,0.0,113.9,0.0,22.7,100.0,77.3,,,,,green,yellow,unknown,unknown,0,
2025-01-18,4349.9,458.18,10.5,,,,,3891.72,89.5,green,unknown,n/a,unknown,2236.71,2113.19,0.0,458.18,0.0,21.7,100.0,78.3,,,,,green,green,unknown,unknown,0,
2025-01-19,3323.23,249.03,7.5,,,,,3074.2,92.5,green,unknown,n/a,unknown,1953.65,1369.58,0.0,249.03,0.0,18.2,100.0,81.8,,,,,green,green,unknown,unknown,0,
2025-01-20,1175.87,92.89,7.9,,,,,1082.98,92.1,green,unknown,n/a,unknown,716.78,459.09,0.0,92.89,0.0,20.2,100.0,79.8,,,,,green,green,unknown,unknown,0,
2025-01-22,1078.13,91.99,8.5,,,,,986.14,91.5,green,unknown,n/a,unknown,642.84,435.29,0.0,91.99,0.0,21.1,100.0,78.9,,,,,green,green,unknown,unknown,0,
2025-01-23,1733.18,170.63,9.8,,,,,1562.55,90.2,green,unknown,n/a,unknown,1051.42,681.76,0.0,170.63,0.0,25.0,100.0,75.0,,,,,green,amber,unknown,unknown,0,
2025-01-24,5788.26,876.0,15.1,,,,,4912.26,84.9,green,unknown,n/a,unknown,2010.2,3778.06,0.0,876.0,0.0,23.2,100.0,76.8,,,,,green,yellow,unknown,unknown,0,
2025-01-25,3361.03,319.91,9.5,,,,,3041.12,90.5,green,unknown,n/a,unknown,1919.09,1441.94,0.0,319.91,0.0,22.2,100.0,77.8,,,,,green,yellow,unknown,unknown,0,
2025-01-26,1066.36,140.51,13.2,,,,,925.85,86.8,green,unknown,n/a,unknown,515.62,550.75,0.0,140.51,0.0,25.5,100.0,74.5,,,,,green,amber,unknown,unknown,0,
2025-01-27,2470.51,207.61,8.4,,,,,2262.9,91.6,green,unknown,n/a,unknown,1582.76,887.75,0.0,207.61,0.0,23.4,100.0,76.6,,,,,green,yellow,unknown,unknown,0,
2025-01-29,1476.64,136.41,9.2,,,,,1340.23,90.8,green,unknown,n/a,unknown,933.83,542.81,0.0,136.41,0.0,25.1,100.0,74.9,,,,,green,amber,unknown,unknown,0,
2025-01-30,1218.75,79.52,6.5,,,,,1139.23,93.5,green,unknown,n/a,unknown,884.78,333.96,0.0,79.52,0.0,23.8,100.0,76.2,,,,,green,yellow,unknown,unknown,0,
2025-01-31,5080.73,409.09,8.1,,,,,4671.64,91.9,green,unknown,n/a,unknown,3016.39,2064.34,0.0,409.09,0.0,19.8,100.0,80.2,,,,,green,green,unknown,unknown,0,
2025-02-01,3723.65,276.48,7.4,,,,,3447.17,92.6,green,unknown,n/a,unknown,2373.9,1349.75,0.0,276.48,0.0,20.5,100.0,79.5,,,,,green,green,unknown,unknown,0,
2025-02-02,2478.31,190.94,7.7,,,,,2287.37,92.3,green,unknown,n/a,unknown,1535.85,942.46,0.0,190.94,0.0,20.3,100.0,79.7,,,,,green,green,unknown,unknown,0,
2025-02-03,1062.09,84.14,7.9,,,,,977.95,92.1,green,unknown,n/a,unknown,765.78,296.31,0.0,84.14,0.0,28.4,100.0,71.6,,,,,green,red,unknown,unknown,0,
2025-02-05,1703.55,99.33,5.8,,,,,1604.22,94.2,green,unknown,n/a,unknown,1264.31,439.25,0.0,99.33,0.0,22.6,100.0,77.4,,,,,green,yellow,unknown,unknown,0,
2025-02-06,1729.53,128.5,7.4,,,,,1601.03,92.6,green,unknown,n/a,unknown,1148.72,580.81,0.0,128.5,0.0,22.1,100.0,77.9,,,,,green,yellow,unknown,unknown,0,
2025-02-07,4927.06,466.8,9.5,,,,,4460.26,90.5,green,unknown,n/a,unknown,3002.32,1924.75,0.0,466.8,0.0,24.3,100.0,75.7,,,,,green,yellow,unknown,unknown,0,
2025-02-08,3686.25,367.94,10.0,,,,,3318.31,90.0,green,unknown,n/a,unknown,2132.64,1553.61,0.0,367.94,0.0,23.7,100.0,76.3,,,,,green,yellow,unknown,unknown,0,
2025-02-09,1715.89,173.09,10.1,,,,,1542.8,89.9,green,unknown,n/a,unknown,1069.02,646.87,0.0,173.09,0.0,26.8,100.0,73.2,,,,,green,amber,unknown,unknown,0,
2025-02-10,905.1,59.93,6.6,,,,,845.17,93.4,green,unknown,n/a,unknown,616.54,288.56,0.0,59.93,0.0,20.8,100.0,79.2,,,,,green,green,unknown,unknown,0,
2025-02-12,1611.36,130.26,8.1,,,,,1481.1,91.9,green,unknown,n/a,unknown,1023.98,587.38,0.0,130.26,0.0,22.2,100.0,77.8,,,,,green,yellow,unknown,unknown,0,
2025-02-13,1663.93,168.3,10.1,,,,,1495.63,89.9,green,unknown,n/a,unknown,1008.55,655.37,0.0,168.3,0.0,25.7,100.0,74.3,,,,,green,amber,unknown,unknown,0,
2025-02-14,5166.39,420.06,8.1,,,,,4746.33,91.9,green,unknown,n/a,unknown,3187.12,1979.27,0.0,420.06,0.0,21.2,100.0,78.8,,,,,green,green,unknown,unknown,0,
2025-02-15,3790.17,304.7,8.0,,,,,3485.47,92.0,green,unknown,n/a,unknown,2326.64,1463.54,0.0,304.7,0.0,20.8,100.0,79.2,,,,,green,green,unknown,unknown,0,
2025-02-16,1282.98,78.33,6.1,,,,,1204.65,93.9,green,unknown,n/a,unknown,971.19,311.79,0.0,78.33,0.0,25.1,100.0,74.9,,,,,green,amber,unknown,unknown,0,
2025-02-17,1724.11,115.72,6.7,,,,,1608.39,93.3,green,unknown,n/a,unknown,1172.88,551.23,0.0,115.72,0.0,21.0,100.0,79.0,,,,,green,green,unknown,unknown,0,
2025-02-19,739.9,52.24,7.1,,,,,687.66,92.9,green,unknown,n/a,unknown,496.15,243.75,0.0,52.24,0.0,21.4,100.0,78.6,,,,,green,green,unknown,unknown,0,
2025-02-20,1764.58,121.0,6.9,,,,,1643.58,93.1,green,unknown,n/a,unknown,1224.95,539.64,0.0,121.0,0.0,22.4,100.0,77.6,,,,,green,yellow,unknown,unknown,0,
2025-02-21,2913.1,225.54,7.7,,,,,2687.56,92.3,green,unknown,n/a,unknown,1853.03,1060.07,0.0,225.54,0.0,21.3,100.0,78.7,,,,,green,green,unknown,unknown,0,
2025-02-22,3786.41,398.14,10.5,,,,,3388.27,89.5,green,unknown,n/a,unknown,2036.02,1750.39,0.0,398.14,0.0,22.7,100.0,77.3,,,,,green,yellow,unknown,unknown,0,
2025-02-23,3572.12,339.25,9.5,,,,,3232.87,90.5,green,unknown,n/a,unknown,2106.8,1465.32,0.0,339.25,0.0,23.2,100.0,76.8,,,,,green,yellow,unknown,unknown,0,
2025-02-24,990.36,77.35,7.8,,,,,913.01,92.2,green,unknown,n/a,unknown,651.36,339.0,0.0,77.35,0.0,22.8,100.0,77.2,,,,,green,yellow,unknown,unknown,0,
2025-02-26,1293.42,108.64,8.4,,,,,1184.78,91.6,green,unknown,n/a,unknown,847.41,446.01,0.0,108.64,0.0,24.4,100.0,75.6,,,,,green,yellow,unknown,unknown,0,
2025-02-27,2438.23,243.37,10.0,,,,,2194.86,90.0,green,unknown,n/a,unknown,1361.35,1076.88,0.0,243.37,0.0,22.6,100.0,77.4,,,,,green,yellow,unknown,unknown,0,
2025-02-28,3086.4,283.11,9.2,,,,,2803.29,90.8,green,unknown,n/a,unknown,1863.15,1223.25,0.0,283.11,0.0,23.1,100.0,76.9,,,,,green,yellow,unknown,unknown,0,
2025-03-01,5161.76,402.1,7.8,,,,,4759.66,92.2,green,unknown,n/a,unknown,3303.43,1858.34,0.0,402.1,0.0,21.6,100.0,78.4,,,,,green,green,unknown,unknown,0,
2025-03-02,1064.95,138.43,13.0,,,,,926.52,87.0,green,unknown,n/a,unknown,599.18,465.77,0.0,138.43,0.0,29.7,100.0,70.3,,,,,green,red,unknown,unknown,0,
2025-03-03,1918.18,200.74,10.5,,,,,1717.44,89.5,green,unknown,n/a,unknown,1023.8,894.38,0.0,200.74,0.0,22.4,100.0,77.6,,,,,green,yellow,unknown,unknown,0,
2025-03-05,1370.02,116.47,8.5,,,,,1253.55,91.5,green,unknown,n/a,unknown,880.52,489.5,0.0,116.47,0.0,23.8,100.0,76.2,,,,,green,yellow,unknown,unknown,0,
2025-03-06,1571.9,118.83,7.6,,,,,1453.07,92.4,green,unknown,n/a,unknown,1044.89,527.01,0.0,118.83,0.0,22.5,100.0,77.5,,,,,green,yellow,unknown,unknown,0,
2025-03-07,2912.42,283.61,9.7,,,,,2628.81,90.3,green,unknown,n/a,unknown,1778.14,1134.28,0.0,283.61,0.0,25.0,100.0,75.0,,,,,green,amber,unknown,unknown,0,
2025-03-08,3831.72,317.85,8.3,,,,,3513.87,91.7,green,unknown,n/a,unknown,2133.31,1698.41,0.0,317.85,0.0,18.7,100.0,81.3,,,,,green,green,unknown,unknown,0,
2025-03-09,3554.77,420.0,11.8,,,,,3134.77,88.2,green,unknown,n/a,unknown,2147.66,1407.11,0.0,420.0,0.0,29.8,100.0,70.2,,,,,green,red,unknown,unknown,0,
2025-03-10,2605.1,227.27,8.7,,,,,2377.83,91.3,green,unknown,n/a,unknown,1556.84,1048.26,0.0,227.27,0.0,21.7,100.0,78.3,,,,,green,green,unknown,unknown,0,
2025-03-12,1459.13,140.0,9.6,,,,,1319.13,90.4,green,unknown,n/a,unknown,879.14,579.99,0.0,140.0,0.0,24.1,100.0,75.9,,,,,green,yellow,unknown,unknown,0,
2025-03-13,1485.44,99.76,6.7,,,,,1385.68,93.3,green,unknown,n/a,unknown,981.8,503.64,0.0,99.76,0.0,19.8,100.0,80.2,,,,,green,green,unknown,unknown,0,
2025-03-14,3821.01,344.74,9.0,,,,,3476.27,91.0,green,unknown,n/a,unknown,2534.14,1286.87,0.0,344.74,0.0,26.8,100.0,73.2,,,,,green,amber,unknown,unknown,0,
2025-03-15,2720.73,306.88,11.3,,,,,2413.85,88.7,green,unknown,n/a,unknown,1527.9,1192.83,0.0,306.88,0.0,25.7,100.0,74.3,,,,,green,amber,unknown,unknown,0,
2025-03-16,2415.93,200.65,8.3,,,,,2215.28,91.7,green,unknown,n/a,unknown,1608.36,807.56,0.0,200.65,0.0,24.8,100.0,75.2,,,,,green,yellow,unknown,unknown,0,
2025-03-17,1793.15,147.68,8.2,,,,,1645.47,91.8,green,unknown,n/a,unknown,1102.63,690.53,0.0,147.68,0.0,21.4,100.0,78.6,,,,,green,green,unknown,unknown,0,
2025-03-19,592.59,47.13,8.0,,,,,545.46,92.0,green,unknown,n/a,unknown,395.0,197.59,0.0,47.13,0.0,23.9,100.0,76.1,,,,,green,yellow,unknown,unknown,0,
2025-03-20,1052.36,116.97,11.1,,,,,935.39,88.9,green,unknown,n/a,unknown,673.73,378.64,19.14,97.83,2.8,25.8,97.2,74.2,,,,,green,amber,unknown,unknown,0,
2025-03-21,4565.05,625.09,13.7,,,,,3939.96,86.3,green,unknown,n/a,unknown,2381.87,2183.17,82.94,542.15,3.5,24.8,96.5,75.2,,,,,green,yellow,unknown,unknown,0,
2025-03-22,3811.86,502.6,13.2,,,,,3309.26,86.8,green,unknown,n/a,unknown,2360.05,1451.82,38.28,464.32,1.6,32.0,98.4,68.0,,,,,green,red,unknown,unknown,0,
2025-03-23,1172.95,124.01,10.6,,,,,1048.94,89.4,green,unknown,n/a,unknown,778.23,394.73,19.14,104.87,2.5,26.6,97.5,73.4,,,,,green,amber,unknown,unknown,0,
2025-03-24,133.64,6.38,4.8,,,,,127.26,95.2,green,unknown,n/a,unknown,133.64,0.0,6.38,0.0,4.8,,95.2,,,,,,green,unknown,unknown,unknown,0,
2025-03-26,1832.15,234.77,12.8,,,,,1597.38,87.2,green,unknown,n/a,unknown,1190.64,641.51,44.66,190.11,3.8,29.6,96.2,70.4,,,,,green,red,unknown,unknown,0,
2025-03-27,1636.95,130.15,8.0,,,,,1506.8,92.0,green,unknown,n/a,unknown,1173.95,463.0,25.52,104.63,2.2,22.6,97.8,77.4,,,,,green,yellow,unknown,unknown,0,
2025-03-28,3532.32,497.0,14.1,,,,,3035.32,85.9,green,unknown,n/a,unknown,1916.65,1615.66,70.18,426.82,3.7,26.4,96.3,73.6,,,,,green,amber,unknown,unknown,0,
2025-03-29,4296.03,556.3,12.9,,,,,3739.73,87.1,green,unknown,n/a,unknown,2360.42,1935.61,70.18,486.12,3.0,25.1,97.0,74.9,,,,,green,amber,unknown,unknown,0,
2025-03-30,1116.65,132.32,11.8,,,,,984.33,88.2,green,unknown,n/a,unknown,665.61,451.05,19.14,113.18,2.9,25.1,97.1,74.9,,,,,green,amber,unknown,unknown,0,
2025-03-31,2217.18,227.63,10.3,,,,,1989.55,89.7,green,unknown,n/a,unknown,1331.63,885.55,25.52,202.11,1.9,22.8,98.1,77.2,,,,,green,yellow,unknown,unknown,0,
2025-04-02,2393.7,347.21,14.5,,,,,2046.49,85.5,green,unknown,n/a,unknown,1340.15,1053.55,63.8,283.41,4.8,26.9,95.2,73.1,,,,,green,amber,unknown,unknown,0,
2025-04-03,1186.33,109.64,9.2,,,,,1076.69,90.8,green,unknown,n/a,unknown,863.84,322.49,31.9,77.74,3.7,24.1,96.3,75.9,,,,,green,yellow,unknown,unknown,0,
2025-04-04,5283.38,595.25,11.3,,,,,4688.13,88.7,green,unknown,n/a,unknown,2959.48,2323.9,82.94,512.31,2.8,22.0,97.2,78.0,,,,,green,yellow,unknown,unknown,0,
2025-04-05,5741.43,728.22,12.7,,,,,5013.21,87.3,green,unknown,n/a,unknown,2418.42,3323.01,44.66,683.56,1.8,20.6,98.2,79.4,,,,,green,green,unknown,unknown,0,
2025-04-06,2133.68,316.73,14.8,,,,,1816.95,85.2,green,unknown,n/a,unknown,1253.86,879.82,19.14,297.59,1.5,33.8,98.5,66.2,,,,,green,red,unknown,unknown,0,
2025-04-07,2785.56,311.85,11.2,,,,,2473.71,88.8,green,unknown,n/a,unknown,1618.21,1167.35,19.14,292.71,1.2,25.1,98.8,74.9,,,,,green,amber,unknown,unknown,0,
2025-04-09,2776.97,274.22,9.9,,,,,2502.75,90.1,green,unknown,n/a,unknown,1789.71,987.26,44.66,229.56,2.5,23.3,97.5,76.7,,,,,green,yellow,unknown,unknown,0,
2025-04-10,2182.75,253.12,11.6,,,,,1929.63,88.4,green,unknown,n/a,unknown,1121.79,1060.95,12.76,240.36,1.1,22.7,98.9,77.3,,,,,green,yellow,unknown,unknown,0,
2025-04-11,4660.1,597.25,12.8,,,,,4062.85,87.2,green,unknown,n/a,unknown,2589.18,2070.92,57.42,539.83,2.2,26.1,97.8,73.9,,,,,green,amber,unknown,unknown,0,
2025-04-12,4091.33,469.03,11.5,,,,,3622.3,88.5,green,unknown,n/a,unknown,2015.02,2076.31,0.0,469.03,0.0,22.6,100.0,77.4,,,,,green,yellow,unknown,unknown,0,
2025-04-13,1687.16,271.67,16.1,,,,,1415.49,83.9,green,unknown,n/a,unknown,1010.92,676.25,0.0,271.67,0.0,40.2,100.0,59.8,,,,,green,red,unknown,unknown,0,
2025-04-14,3109.8,259.32,8.3,,,,,2850.48,91.7,green,unknown,n/a,unknown,1857.34,1252.46,0.0,259.32,0.0,20.7,100.0,79.3,,,,,green,green,unknown,unknown,0,
2025-04-16,2534.73,235.55,9.3,,,,,2299.18,90.7,green,unknown,n/a,unknown,1603.54,931.19,12.76,222.79,0.8,23.9,99.2,76.1,,,,,green,yellow,unknown,unknown,0,
2025-04-17,2114.36,214.59,10.1,,,,,1899.77,89.9,green,unknown,n/a,unknown,1165.72,948.65,0.0,214.59,0.0,22.6,100.0,77.4,,,,,green,yellow,unknown,unknown,0,
2025-04-18,2550.18,358.38,14.1,,,,,2191.8,85.9,green,unknown,n/a,unknown,987.71,1562.47,0.0,358.38,0.0,22.9,100.0,77.1,,,,,green,yellow,unknown,unknown,0,
2025-04-19,3283.88,275.53,8.4,,,,,3008.35,91.6,green,unknown,n/a,unknown,2004.24,1279.65,0.0,275.53,0.0,21.5,100.0,78.5,,,,,green,green,unknown,unknown,0,
2025-04-20,2670.07,457.53,17.1,,,,,2212.54,82.9,green,unknown,n/a,unknown,1361.61,1308.46,0.0,457.53,0.0,35.0,100.0,65.0,,,,,green,red,unknown,unknown,0,
2025-04-21,1813.0,212.44,11.7,,,,,1600.56,88.3,green,unknown,n/a,unknown,991.91,821.09,0.0,212.44,0.0,25.9,100.0,74.1,,,,,green,amber,unknown,unknown,0,
2025-04-23,2039.98,190.51,9.3,,,,,1849.47,90.7,green,unknown,n/a,unknown,1226.07,813.91,0.0,190.51,0.0,23.4,100.0,76.6,,,,,green,yellow,unknown,unknown,0,
2025-04-24,2781.33,252.92,9.1,,,,,2528.41,90.9,green,unknown,n/a,unknown,1772.96,1008.36,0.0,252.92,0.0,25.1,100.0,74.9,,,,,green,amber,unknown,unknown,0,
2025-04-25,3087.49,257.14,8.3,,,,,2830.35,91.7,green,unknown,n/a,unknown,1970.15,1117.34,0.0,257.14,0.0,23.0,100.0,77.0,,,,,green,yellow,unknown,unknown,0,
2025-04-26,3462.96,349.79,10.1,,,,,3113.17,89.9,green,unknown,n/a,unknown,1958.7,1504.26,0.0,349.79,0.0,23.3,100.0,76.7,,,,,green,yellow,unknown,unknown,0,
2025-04-27,1362.5,181.15,13.3,,,,,1181.35,86.7,green,unknown,n/a,unknown,802.04,560.46,0.0,181.15,0.0,32.3,100.0,67.7,,,,,green,red,unknown,unknown,0,
2025-04-28,2713.66,190.64,7.0,,,,,2523.02,93.0,green,unknown,n/a,unknown,1858.93,854.74,0.0,190.64,0.0,22.3,100.0,77.7,,,,,green,yellow,unknown,unknown,0,
2025-04-30,1343.99,135.64,10.1,,,,,1208.35,89.9,green,unknown,n/a,unknown,823.34,520.65,0.0,135.64,0.0,26.1,100.0,73.9,,,,,green,amber,unknown,unknown,0,
2025-05-01,1631.37,122.21,7.5,,,,,1509.16,92.5,green,unknown,n/a,unknown,1058.27,573.1,0.0,122.21,0.0,21.3,100.0,78.7,,,,,green,green,unknown,unknown,0,
2025-05-02,3135.74,289.47,9.2,,,,,2846.27,90.8,green,unknown,n/a,unknown,1786.39,1349.35,0.0,289.47,0.0,21.5,100.0,78.5,,,,,green,green,unknown,unknown,0,
2025-05-03,3767.22,410.51,10.9,,,,,3356.71,89.1,green,unknown,n/a,unknown,2085.4,1681.82,0.0,410.51,0.0,24.4,100.0,75.6,,,,,green,yellow,unknown,unknown,0,
2025-05-04,1452.29,145.56,10.0,,,,,1306.73,90.0,green,unknown,n/a,unknown,1023.05,429.25,0.0,145.56,0.0,33.9,100.0,66.1,,,,,green,red,unknown,unknown,0,
2025-05-05,2190.24,196.5,9.0,,,,,1993.74,91.0,green,unknown,n/a,unknown,1239.08,951.15,0.0,196.5,0.0,20.7,100.0,79.3,,,,,green,green,unknown,unknown,0,
2025-05-07,2014.56,164.7,8.2,,,,,1849.86,91.8,green,unknown,n/a,unknown,1316.1,698.46,0.0,164.7,0.0,23.6,100.0,76.4,,,,,green,yellow,unknown,unknown,0,
2025-05-08,1642.14,212.79,13.0,,,,,1429.35,87.0,green,unknown,n/a,unknown,924.66,717.47,0.0,212.79,0.0,29.7,100.0,70.3,,,,,green,red,unknown,unknown,0,
2025-05-09,2358.0,175.77,7.5,,,,,2182.23,92.5,green,unknown,n/a,unknown,1576.12,781.88,0.0,175.77,0.0,22.5,100.0,77.5,,,,,green,yellow,unknown,unknown,0,
2025-05-10,4222.04,320.27,7.6,,,,,3901.77,92.4,green,unknown,n/a,unknown,2750.87,1471.16,0.0,320.27,0.0,21.8,100.0,78.2,,,,,green,green,unknown,unknown,0,
2025-05-11,4060.85,390.18,9.6,,,,,3670.67,90.4,green,unknown,n/a,unknown,2671.35,1389.5,0.0,390.18,0.0,28.1,100.0,71.9,,,,,green,red,unknown,unknown,0,
2025-05-12,2683.73,210.44,7.8,,,,,2473.29,92.2,green,unknown,n/a,unknown,1670.62,1013.11,0.0,210.44,0.0,20.8,100.0,79.2,,,,,green,green,unknown,unknown,0,
2025-05-14,1997.89,157.49,7.9,,,,,1840.4,92.1,green,unknown,n/a,unknown,1282.68,715.21,0.0,157.49,0.0,22.0,100.0,78.0,,,,,green,yellow,unknown,unknown,0,
2025-05-15,844.45,75.51,8.9,,,,,768.94,91.1,green,unknown,n/a,unknown,506.82,337.64,0.0,75.51,0.0,22.4,100.0,77.6,,,,,green,yellow,unknown,unknown,0,
2025-05-16,3892.44,381.44,9.8,,,,,3511.0,90.2,green,unknown,n/a,unknown,1952.95,1939.49,0.0,381.44,0.0,19.7,100.0,80.3,,,,,green,green,unknown,unknown,0,
2025-05-17,4894.98,397.32,8.1,,,,,4497.66,91.9,green,unknown,n/a,unknown,3202.05,1692.93,0.0,397.32,0.0,23.5,100.0,76.5,,,,,green,yellow,unknown,unknown,0,
2025-05-18,2664.11,393.67,14.8,,,,,2270.44,85.2,green,unknown,n/a,unknown,1457.95,1206.16,0.0,393.67,0.0,32.6,100.0,67.4,,,,,green,red,unknown,unknown,0,
2025-05-19,1259.97,103.29,8.2,,,,,1156.68,91.8,green,unknown,n/a,unknown,906.16,353.81,0.0,103.29,0.0,29.2,100.0,70.8,,,,,green,red,unknown,unknown,0,
2025-05-21,2460.39,169.99,6.9,,,,,2290.4,93.1,green,unknown,n/a,unknown,1676.15,784.24,0.0,169.99,0.0,21.7,100.0,78.3,,,,,green,green,unknown,unknown,0,
2025-05-22,1790.74,219.87,12.3,,,,,1570.87,87.7,green,unknown,n/a,unknown,905.58,885.15,0.0,219.87,0.0,24.8,100.0,75.2,,,,,green,yellow,unknown,unknown,0,
2025-05-23,2536.36,248.39,9.8,,,,,2287.97,90.2,green,unknown,n/a,unknown,1482.79,1053.57,0.0,248.39,0.0,23.6,100.0,76.4,,,,,green,yellow,unknown,unknown,0,
2025-05-24,3233.04,306.33,9.5,,,,,2926.71,90.5,green,unknown,n/a,unknown,2096.57,1136.46,0.0,306.33,0.0,27.0,100.0,73.0,,,,,green,amber,unknown,unknown,0,
2025-05-25,3540.59,293.31,8.3,,,,,3247.28,91.7,green,unknown,n/a,unknown,2421.68,1118.91,0.0,293.31,0.0,26.2,100.0,73.8,,,,,green,amber,unknown,unknown,0,
2025-05-26,1296.72,155.09,12.0,,,,,1141.63,88.0,green,unknown,n/a,unknown,715.0,581.72,0.0,155.09,0.0,26.7,100.0,73.3,,,,,green,amber,unknown,unknown,0,
2025-05-28,1034.23,74.6,7.2,,,,,959.63,92.8,green,unknown,n/a,unknown,718.77,315.45,0.0,74.6,0.0,23.6,100.0,76.4,,,,,green,yellow,unknown,unknown,0,
2025-05-29,2116.36,148.12,7.0,,,,,1968.24,93.0,green,unknown,n/a,unknown,1390.09,726.27,0.0,148.12,0.0,20.4,100.0,79.6,,,,,green,green,unknown,unknown,0,
2025-05-30,4119.55,390.69,9.5,,,,,3728.86,90.5,green,unknown,n/a,unknown,2459.96,1659.59,0.0,390.69,0.0,23.5,100.0,76.5,,,,,green,yellow,unknown,unknown,0,
2025-05-31,3853.04,449.79,11.7,,,,,3403.25,88.3,green,unknown,n/a,unknown,1979.71,1873.33,0.0,449.79,0.0,24.0,100.0,76.0,,,,,green,yellow,unknown,unknown,0,
2025-06-01,1763.35,310.77,17.6,,,,,1452.58,82.4,green,unknown,n/a,unknown,1241.6,521.75,0.0,310.77,0.0,59.6,100.0,40.4,,,,,green,red,unknown,unknown,0,
2025-06-02,2097.5,215.48,10.3,,,,,1882.02,89.7,green,unknown,n/a,unknown,1234.14,863.36,0.0,215.48,0.0,25.0,100.0,75.0,,,,,green,yellow,unknown,unknown,0,
2025-06-04,1993.08,142.09,7.1,,,,,1850.99,92.9,green,unknown,n/a,unknown,1410.21,582.87,0.0,142.09,0.0,24.4,100.0,75.6,,,,,green,yellow,unknown,unknown,0,
2025-06-05,582.2,39.24,6.7,,,,,542.96,93.3,green,unknown,n/a,unknown,418.25,163.95,0.0,39.24,0.0,23.9,100.0,76.1,,,,,green,yellow,unknown,unknown,0,
2025-06-06,3224.95,350.6,10.9,,,,,2874.35,89.1,green,unknown,n/a,unknown,1833.59,1391.35,0.0,350.6,0.0,25.2,100.0,74.8,,,,,green,amber,unknown,unknown,0,
2025-06-07,3272.25,297.24,9.1,,,,,2975.01,90.9,green,unknown,n/a,unknown,2074.42,1197.83,0.0,297.24,0.0,24.8,100.0,75.2,,,,,green,yellow,unknown,unknown,0,
2025-06-08,3530.45,440.59,12.5,,,,,3089.86,87.5,green,unknown,n/a,unknown,2277.43,1253.03,0.0,440.59,0.0,35.2,100.0,64.8,,,,,green,red,unknown,unknown,0,
2025-06-09,2511.1,269.67,10.7,,,,,2241.43,89.3,green,unknown,n/a,unknown,1241.78,1269.32,0.0,269.67,0.0,21.2,100.0,78.8,,,,,green,green,unknown,unknown,0,
2025-06-11,1777.69,88.81,5.0,,,,,1688.88,95.0,green,unknown,n/a,unknown,1344.9,432.79,0.0,88.81,0.0,20.5,100.0,79.5,,,,,green,green,unknown,unknown,0,
2025-06-12,935.72,60.87,6.5,,,,,874.85,93.5,green,unknown,n/a,unknown,714.54,221.18,0.0,60.87,0.0,27.5,100.0,72.5,,,,,green,amber,unknown,unknown,0,
2025-06-13,2456.81,184.42,7.5,,,,,2272.39,92.5,green,unknown,n/a,unknown,1592.02,864.79,0.0,184.42,0.0,21.3,100.0,78.7,,,,,green,green,unknown,unknown,0,
2025-06-14,2602.1,235.27,9.0,,,,,2366.83,91.0,green,unknown,n/a,unknown,1664.31,937.79,0.0,235.27,0.0,25.1,100.0,74.9,,,,,green,amber,unknown,unknown,0,
2025-06-15,1888.13,231.24,12.2,,,,,1656.89,87.8,green,unknown,n/a,unknown,1189.83,698.3,0.0,231.24,0.0,33.1,100.0,66.9,,,,,green,red,unknown,unknown,0,
2025-06-16,1931.56,186.96,9.7,,,,,1744.6,90.3,green,unknown,n/a,unknown,1220.92,710.65,0.0,186.96,0.0,26.3,100.0,73.7,,,,,green,amber,unknown,unknown,0,
2025-06-18,1536.61,141.06,9.2,,,,,1395.55,90.8,green,unknown,n/a,unknown,1065.12,471.49,0.0,141.06,0.0,29.9,100.0,70.1,,,,,green,red,unknown,unknown,0,
2025-06-19,1241.27,94.76,7.6,,,,,1146.51,92.4,green,unknown,n/a,unknown,845.9,395.37,0.0,94.76,0.0,24.0,100.0,76.0,,,,,green,yellow,unknown,unknown,0,
2025-06-20,2872.83,319.08,11.1,,,,,2553.75,88.9,green,unknown,n/a,unknown,1360.48,1512.35,0.0,319.08,0.0,21.1,100.0,78.9,,,,,green,green,unknown,unknown,0,
2025-06-21,3471.02,315.65,9.1,,,,,3155.37,90.9,green,unknown,n/a,unknown,2038.32,1432.7,0.0,315.65,0.0,22.0,100.0,78.0,,,,,green,yellow,unknown,unknown,0,
2025-06-22,1798.64,233.69,13.0,,,,,1564.95,87.0,green,unknown,n/a,unknown,1001.83,796.81,0.0,233.69,0.0,29.3,100.0,70.7,,,,,green,red,unknown,unknown,0,
2025-06-23,3625.48,334.03,9.2,,,,,3291.45,90.8,green,unknown,n/a,unknown,2148.29,1477.19,0.0,334.03,0.0,22.6,100.0,77.4,,,,,green,yellow,unknown,unknown,0,
2025-06-25,1839.7,121.36,6.6,,,,,1718.34,93.4,green,unknown,n/a,unknown,1214.09,625.61,0.0,121.36,0.0,19.4,100.0,80.6,,,,,green,green,unknown,unknown,0,
2025-06-26,1299.66,114.42,8.8,,,,,1185.24,91.2,green,unknown,n/a,unknown,809.85,489.82,0.0,114.42,0.0,23.4,100.0,76.6,,,,,green,yellow,unknown,unknown,0,
2025-06-27,1752.54,147.22,8.4,,,,,1605.32,91.6,green,unknown,n/a,unknown,1135.8,616.74,0.0,147.22,0.0,23.9,100.0,76.1,,,,,green,yellow,unknown,unknown,0,
2025-06-28,3604.45,281.31,7.8,,,,,3323.14,92.2,green,unknown,n/a,unknown,2390.31,1214.14,0.0,281.31,0.0,23.2,100.0,76.8,,,,,green,yellow,unknown,unknown,0,
2025-06-29,2143.93,377.6,17.6,,,,,1766.33,82.4,green,unknown,n/a,unknown,935.57,1208.35,0.0,377.6,0.0,31.2,100.0,68.8,,,,,green,red,unknown,unknown,0,
2025-06-30,2496.19,214.12,8.6,,,,,2282.07,91.4,green,unknown,n/a,unknown,1503.45,992.74,0.0,214.12,0.0,21.6,100.0,78.4,,,,,green,green,unknown,unknown,0,
2025-07-02,1889.46,202.58,10.7,,,,,1686.88,89.3,green,unknown,n/a,unknown,1277.7,611.76,0.0,202.58,0.0,33.1,100.0,66.9,,,,,green,red,unknown,unknown,0,
2025-07-03,1135.17,67.44,5.9,,,,,1067.73,94.1,green,unknown,n/a,unknown,774.1,361.07,0.0,67.44,0.0,18.7,100.0,81.3,,,,,green,green,unknown,unknown,0,
2025-07-04,2703.14,215.89,8.0,,,,,2487.25,92.0,green,unknown,n/a,unknown,1640.05,1063.09,0.0,215.89,0.0,20.3,100.0,79.7,,,,,green,green,unknown,unknown,0,
2025-07-05,3750.81,305.64,8.1,,,,,3445.17,91.9,green,unknown,n/a,unknown,2415.69,1335.12,0.0,305.64,0.0,22.9,100.0,77.1,,,,,green,yellow,unknown,unknown,0,
2025-07-06,2625.52,328.51,12.5,,,,,2297.01,87.5,green,unknown,n/a,unknown,1513.67,1111.85,0.0,328.51,0.0,29.5,100.0,70.5,,,,,green,red,unknown,unknown,0,
2025-07-07,2712.77,237.58,8.8,,,,,2475.19,91.2,green,unknown,n/a,unknown,1564.25,1148.52,0.0,237.58,0.0,20.7,100.0,79.3,,,,,green,green,unknown,unknown,0,
2025-07-09,1395.56,96.0,6.9,,,,,1299.56,93.1,green,unknown,n/a,unknown,1001.35,394.21,0.0,96.0,0.0,24.4,100.0,75.6,,,,,green,yellow,unknown,unknown,0,
2025-07-10,1129.43,60.63,5.4,,,,,1068.8,94.6,green,unknown,n/a,unknown,855.88,273.55,0.0,60.63,0.0,22.2,100.0,77.8,,,,,green,yellow,unknown,unknown,0,
2025-07-11,2999.65,241.01,8.0,,,,,2758.64,92.0,green,unknown,n/a,unknown,1794.51,1205.14,0.0,241.01,0.0,20.0,100.0,80.0,,,,,green,green,unknown,unknown,0,
2025-07-12,3494.7,337.24,9.7,,,,,3157.46,90.3,green,unknown,n/a,unknown,2042.48,1452.22,0.0,337.24,0.0,23.2,100.0,76.8,,,,,green,yellow,unknown,unknown,0,
2025-07-13,1003.95,125.4,12.5,,,,,878.55,87.5,green,unknown,n/a,unknown,539.01,464.94,0.0,125.4,0.0,27.0,100.0,73.0,,,,,green,amber,unknown,unknown,0,
2025-07-14,2869.51,326.01,11.4,,,,,2543.5,88.6,green,unknown,n/a,unknown,1860.73,1008.78,0.0,326.01,0.0,32.3,100.0,67.7,,,,,green,red,unknown,unknown,0,
2025-07-16,2348.59,189.69,8.1,,,,,2158.9,91.9,green,unknown,n/a,unknown,1494.63,853.96,0.0,189.69,0.0,22.2,100.0,77.8,,,,,green,yellow,unknown,unknown,0,
2025-07-17,2125.84,180.76,8.5,,,,,1945.08,91.5,green,unknown,n/a,unknown,1229.05,896.79,0.0,180.76,0.0,20.2,100.0,79.8,,,,,green,green,unknown,unknown,0,
2025-07-18,2438.35,152.56,6.3,,,,,2285.79,93.7,green,unknown,n/a,unknown,1627.96,810.38,0.0,152.56,0.0,18.8,100.0,81.2,,,,,green,green,unknown,unknown,0,
2025-07-19,2229.82,182.34,8.2,,,,,2047.48,91.8,green,unknown,n/a,unknown,1418.71,811.11,0.0,182.34,0.0,22.5,100.0,77.5,,,,,green,yellow,unknown,unknown,0,
2025-07-20,2747.75,353.96,12.9,,,,,2393.79,87.1,green,unknown,n/a,unknown,1518.4,1229.35,0.0,353.96,0.0,28.8,100.0,71.2,,,,,green,red,unknown,unknown,0,
2025-07-21,3004.12,264.0,8.8,,,,,2740.12,91.2,green,unknown,n/a,unknown,1964.93,1039.19,0.0,264.0,0.0,25.4,100.0,74.6,,,,,green,amber,unknown,unknown,0,
2025-07-23,2283.75,211.3,9.3,,,,,2072.45,90.7,green,unknown,n/a,unknown,1499.01,784.74,0.0,211.3,0.0,26.9,100.0,73.1,,,,,green,amber,unknown,unknown,0,
2025-07-24,1251.81,96.84,7.7,,,,,1154.97,92.3,green,unknown,n/a,unknown,843.81,408.0,0.0,96.84,0.0,23.7,100.0,76.3,,,,,green,yellow,unknown,unknown,0,
2025-07-25,2096.5,148.66,7.1,,,,,1947.84,92.9,green,unknown,n/a,unknown,1458.72,637.78,0.0,148.66,0.0,23.3,100.0,76.7,,,,,green,yellow,unknown,unknown,0,
2025-07-26,2701.31,215.69,8.0,,,,,2485.62,92.0,green,unknown,n/a,unknown,1780.99,920.32,0.0,215.69,0.0,23.4,100.0,76.6,,,,,green,yellow,unknown,unknown,0,
2025-07-27,1863.06,219.01,11.8,,,,,1644.05,88.2,green,unknown,n/a,unknown,972.7,890.36,0.0,219.01,0.0,24.6,100.0,75.4,,,,,green,yellow,unknown,unknown,0,
2025-07-28,1280.61,85.17,6.7,,,,,1195.44,93.3,green,unknown,n/a,unknown,866.69,413.92,0.0,85.17,0.0,20.6,100.0,79.4,,,,,green,green,unknown,unknown,0,
2025-07-30,1719.62,81.09,4.7,,,,,1638.53,95.3,green,unknown,n/a,unknown,1247.35,472.27,0.0,81.09,0.0,17.2,100.0,82.8,,,,,green,green,unknown,unknown,0,
2025-07-31,1156.13,49.37,4.3,,,,,1106.76,95.7,green,unknown,n/a,unknown,878.76,277.36,0.0,49.37,0.0,17.8,100.0,82.2,,,,,green,green,unknown,unknown,0,
2025-08-01,2480.05,183.02,7.4,,,,,2297.03,92.6,green,unknown,n/a,unknown,1617.03,863.02,0.0,183.02,0.0,21.2,100.0,78.8,,,,,green,green,unknown,unknown,0,
2025-08-02,2061.55,183.19,8.9,,,,,1878.36,91.1,green,unknown,n/a,unknown,1249.37,812.18,0.0,183.19,0.0,22.6,100.0,77.4,,,,,green,yellow,unknown,unknown,0,
2025-08-03,2882.9,265.54,9.2,,,,,2617.36,90.8,green,unknown,n/a,unknown,1818.02,1064.88,0.0,265.54,0.0,24.9,100.0,75.1,,,,,green,yellow,unknown,unknown,0,
2025-08-04,3616.72,497.69,13.8,,,,,3119.03,86.2,green,unknown,n/a,unknown,2200.91,1415.81,0.0,497.69,0.0,35.2,100.0,64.8,,,,,green,red,unknown,unknown,0,
2025-08-06,2555.95,237.95,9.3,,,,,2318.0,90.7,green,unknown,n/a,unknown,1656.17,899.78,0.0,237.95,0.0,26.4,100.0,73.6,,,,,green,amber,unknown,unknown,0,
2025-08-07,1995.88,139.95,7.0,,,,,1855.93,93.0,green,unknown,n/a,unknown,1323.18,672.7,0.0,139.95,0.0,20.8,100.0,79.2,,,,,green,green,unknown,unknown,0,
2025-08-08,3517.45,354.03,10.1,,,,,3163.42,89.9,green,unknown,n/a,unknown,1907.38,1610.06,0.0,354.03,0.0,22.0,100.0,78.0,,,,,green,green,unknown,unknown,0,
2025-08-09,2905.84,178.44,6.1,,,,,2727.4,93.9,green,unknown,n/a,unknown,2129.26,776.57,0.0,178.44,0.0,23.0,100.0,77.0,,,,,green,yellow,unknown,unknown,0,
2025-08-10,1853.45,236.05,12.7,,,,,1617.4,87.3,green,unknown,n/a,unknown,989.23,864.23,0.0,236.05,0.0,27.3,100.0,72.7,,,,,green,amber,unknown,unknown,0,
2025-08-11,3811.47,338.58,8.9,,,,,3472.89,91.1,green,unknown,n/a,unknown,2351.47,1460.0,0.0,338.58,0.0,23.2,100.0,76.8,,,,,green,yellow,unknown,unknown,0,
2025-08-13,2223.85,166.54,7.5,,,,,2057.31,92.5,green,unknown,n/a,unknown,1498.64,725.22,0.0,166.54,0.0,23.0,100.0,77.0,,,,,green,yellow,unknown,unknown,0,
2025-08-14,1340.41,51.44,3.8,,,,,1288.97,96.2,green,unknown,n/a,unknown,1064.05,276.36,0.0,51.44,0.0,18.6,100.0,81.4,,,,,green,green,unknown,unknown,0,
2025-08-15,3501.15,296.29,8.5,,,,,3204.86,91.5,green,unknown,n/a,unknown,2139.49,1361.65,0.0,296.29,0.0,21.8,100.0,78.2,,,,,green,green,unknown,unknown,0,
2025-08-16,4832.65,435.2,9.0,,,,,4397.45,91.0,green,unknown,n/a,unknown,2787.48,2045.17,0.0,435.2,0.0,21.3,100.0,78.7,,,,,green,green,unknown,unknown,0,
2025-08-17,2222.78,263.88,11.9,,,,,1958.9,88.1,green,unknown,n/a,unknown,1373.32,849.46,0.0,263.88,0.0,31.1,100.0,68.9,,,,,green,red,unknown,unknown,0,
2025-08-18,2978.91,282.76,9.5,,,,,2696.15,90.5,green,unknown,n/a,unknown,1769.65,1209.26,0.0,282.76,0.0,23.4,100.0,76.6,,,,,green,yellow,unknown,unknown,0,
2025-08-20,1537.83,104.99,6.8,,,,,1432.84,93.2,green,unknown,n/a,unknown,1117.46,420.36,0.0,104.99,0.0,25.0,100.0,75.0,,,,,green,yellow,unknown,unknown,0,
2025-08-21,904.9,75.36,8.3,,,,,829.54,91.7,green,unknown,n/a,unknown,608.58,296.32,0.0,75.36,0.0,25.4,100.0,74.6,,,,,green,amber,unknown,unknown,0,
2025-08-22,1797.32,133.41,7.4,,,,,1663.91,92.6,green,unknown,n/a,unknown,1251.5,545.82,0.0,133.41,0.0,24.4,100.0,75.6,,,,,green,yellow,unknown,unknown,0,
2025-08-23,2473.49,152.67,6.2,,,,,2320.82,93.8,green,unknown,n/a,unknown,1813.35,660.15,0.0,152.67,0.0,23.1,100.0,76.9,,,,,green,yellow,unknown,unknown,0,
2025-08-24,1301.32,103.92,8.0,,,,,1197.4,92.0,green,unknown,n/a,unknown,959.17,342.15,0.0,103.92,0.0,30.4,100.0,69.6,,,,,green,red,unknown,unknown,0,
2025-08-25,3326.22,382.32,11.5,,,,,2943.9,88.5,green,unknown,n/a,unknown,1927.83,1398.39,0.0,382.32,0.0,27.3,100.0,72.7,,,,,green,amber,unknown,unknown,0,
2025-08-27,1463.93,137.87,9.4,,,,,1326.06,90.6,green,unknown,n/a,unknown,1019.2,444.73,0.0,137.87,0.0,31.0,100.0,69.0,,,,,green,red,unknown,unknown,0,
2025-08-28,1670.92,104.15,6.2,,,,,1566.77,93.8,green,unknown,n/a,unknown,1180.62,490.3,0.0,104.15,0.0,21.2,100.0,78.8,,,,,green,green,unknown,unknown,0,
2025-08-29,3715.56,393.81,10.6,,,,,3321.75,89.4,green,unknown,n/a,unknown,1955.25,1760.32,0.0,393.81,0.0,22.4,100.0,77.6,,,,,green,yellow,unknown,unknown,0,
2025-08-30,4582.74,363.81,7.9,,,,,4218.93,92.1,green,unknown,n/a,unknown,2787.91,1794.83,0.0,363.81,0.0,20.3,100.0,79.7,,,,,green,green,unknown,unknown,0,
2025-08-31,2427.38,360.99,14.9,,,,,2066.39,85.1,green,unknown,n/a,unknown,1081.65,1345.73,0.0,360.99,0.0,26.8,100.0,73.2,,,,,green,amber,unknown,unknown,0,
2025-09-01,3791.13,355.92,9.4,,,,,3435.21,90.6,green,unknown,n/a,unknown,2210.38,1580.75,0.0,355.92,0.0,22.5,100.0,77.5,,,,,green,yellow,unknown,unknown,0,
2025-09-03,2329.07,186.42,8.0,,,,,2142.65,92.0,green,unknown,n/a,unknown,1580.31,748.76,0.0,186.42,0.0,24.9,100.0,75.1,,,,,green,yellow,unknown,unknown,0,
2025-09-04,1664.74,124.59,7.5,,,,,1540.15,92.5,green,unknown,n/a,unknown,1158.65,506.09,0.0,124.59,0.0,24.6,100.0,75.4,,,,,green,yellow,unknown,unknown,0,
2025-09-05,3907.93,277.53,7.1,,,,,3630.4,92.9,green,unknown,n/a,unknown,2503.19,1404.74,0.0,277.53,0.0,19.8,100.0,80.2,,,,,green,green,unknown,unknown,0,
2025-09-06,3271.83,237.8,7.3,,,,,3034.03,92.7,green,unknown,n/a,unknown,2114.88,1156.95,0.0,237.8,0.0,20.6,100.0,79.4,,,,,green,green,unknown,unknown,0,
2025-09-07,1773.15,223.74,12.6,,,,,1549.41,87.4,green,unknown,n/a,unknown,1101.38,671.77,0.0,223.74,0.0,33.3,100.0,66.7,,,,,green,red,unknown,unknown,0,
2025-09-08,3874.86,395.92,10.2,,,,,3478.94,89.8,green,unknown,n/a,unknown,2168.56,1706.3,0.0,395.92,0.0,23.2,100.0,76.8,,,,,green,yellow,unknown,unknown,0,
2025-09-10,890.29,56.67,6.4,,,,,833.62,93.6,green,unknown,n/a,unknown,654.41,235.88,0.0,56.67,0.0,24.0,100.0,76.0,,,,,green,yellow,unknown,unknown,0,
2025-09-11,1723.29,131.66,7.6,,,,,1591.63,92.4,green,unknown,n/a,unknown,1176.88,546.41,0.0,131.66,0.0,24.1,100.0,75.9,,,,,green,yellow,unknown,unknown,0,
2025-09-12,3558.87,390.55,11.0,,,,,3168.32,89.0,green,unknown,n/a,unknown,2051.61,1507.26,0.0,390.55,0.0,25.9,100.0,74.1,,,,,green,amber,unknown,unknown,0,
2025-09-13,3646.55,249.26,6.8,,,,,3397.29,93.2,green,unknown,n/a,unknown,2458.91,1187.64,0.0,249.26,0.0,21.0,100.0,79.0,,,,,green,green,unknown,unknown,0,
2025-09-14,2659.96,292.85,11.0,,,,,2367.11,89.0,green,unknown,n/a,unknown,1548.26,1111.7,0.0,292.85,0.0,26.3,100.0,73.7,,,,,green,amber,unknown,unknown,0,
2025-09-15,3678.44,318.48,8.7,,,,,3359.96,91.3,green,unknown,n/a,unknown,2239.06,1439.37,0.0,318.48,0.0,22.1,100.0,77.9,,,,,green,yellow,unknown,unknown,0,
2025-09-17,1499.19,122.09,8.1,,,,,1377.1,91.9,green,unknown,n/a,unknown,982.33,516.86,0.0,122.09,0.0,23.6,100.0,76.4,,,,,green,yellow,unknown,unknown,0,
2025-09-18,2671.17,240.07,9.0,,,,,2431.1,91.0,green,unknown,n/a,unknown,1729.68,941.49,0.0,240.07,0.0,25.5,100.0,74.5,,,,,green,amber,unknown,unknown,0,
2025-09-19,3359.2,307.15,9.1,,,,,3052.05,90.9,green,unknown,n/a,unknown,2101.07,1258.13,0.0,307.15,0.0,24.4,100.0,75.6,,,,,green,yellow,unknown,unknown,0,
2025-09-20,2757.59,172.94,6.3,,,,,2584.65,93.7,green,unknown,n/a,unknown,1984.86,772.73,0.0,172.94,0.0,22.4,100.0,77.6,,,,,green,yellow,unknown,unknown,0,
2025-09-21,1770.25,139.15,7.9,,,,,1631.1,92.1,green,unknown,n/a,unknown,1203.31,566.94,0.0,139.15,0.0,24.5,100.0,75.5,,,,,green,yellow,unknown,unknown,0,
2025-09-22,2000.32,194.56,9.7,,,,,1805.76,90.3,green,unknown,n/a,unknown,1219.21,781.11,0.0,194.56,0.0,24.9,100.0,75.1,,,,,green,yellow,unknown,unknown,0,
2025-09-24,1910.44,143.65,7.5,,,,,1766.79,92.5,green,unknown,n/a,unknown,1371.75,538.68,0.0,143.65,0.0,26.7,100.0,73.3,,,,,green,amber,unknown,unknown,0,
2025-09-25,3140.15,186.17,5.9,,,,,2953.98,94.1,green,unknown,n/a,unknown,2207.03,933.13,0.0,186.17,0.0,20.0,100.0,80.0,,,,,green,green,unknown,unknown,0,
2025-09-26,3433.41,256.51,7.5,,,,,3176.9,92.5,green,unknown,n/a,unknown,2293.97,1139.44,0.0,256.51,0.0,22.5,100.0,77.5,,,,,green,yellow,unknown,unknown,0,
2025-09-27,2431.91,180.79,7.4,,,,,2251.12,92.6,green,unknown,n/a,unknown,1658.21,773.7,0.0,180.79,0.0,23.4,100.0,76.6,,,,,green,yellow,unknown,unknown,0,
2025-09-28,1874.17,224.6,12.0,,,,,1649.57,88.0,green,unknown,n/a,unknown,1045.64,828.54,0.0,224.6,0.0,27.1,100.0,72.9,,,,,green,amber,unknown,unknown,0,
2025-09-29,3161.72,244.72,7.7,,,,,2917.0,92.3,green,unknown,n/a,unknown,2133.52,1028.2,0.0,244.72,0.0,23.8,100.0,76.2,,,,,green,yellow,unknown,unknown,0,
2025-10-01,3429.29,274.5,8.0,,,,,3154.79,92.0,green,unknown,n/a,unknown,2403.51,1025.78,0.0,274.5,0.0,26.8,100.0,73.2,,,,,green,amber,unknown,unknown,0,
2025-10-02,1513.79,102.19,6.8,,,,,1411.6,93.2,green,unknown,n/a,unknown,1071.91,441.88,0.0,102.19,0.0,23.1,100.0,76.9,,,,,green,yellow,unknown,unknown,0,
2025-10-03,3038.04,267.23,8.8,,,,,2770.81,91.2,green,unknown,n/a,unknown,1830.78,1207.25,0.0,267.23,0.0,22.1,100.0,77.9,,,,,green,yellow,unknown,unknown,0,
2025-10-04,2743.55,195.53,7.1,,,,,2548.02,92.9,green,unknown,n/a,unknown,1871.25,872.31,0.0,195.53,0.0,22.4,100.0,77.6,,,,,green,yellow,unknown,unknown,0,
2025-10-05,1741.07,125.02,7.2,,,,,1616.05,92.8,green,unknown,n/a,unknown,1217.83,523.25,0.0,125.02,0.0,23.9,100.0,76.1,,,,,green,yellow,unknown,unknown,0,
2025-10-06,3828.64,285.02,7.4,,,,,3543.62,92.6,green,unknown,n/a,unknown,2362.7,1465.94,0.0,285.02,0.0,19.4,100.0,80.6,,,,,green,green,unknown,unknown,0,
2025-10-08,1189.23,71.05,6.0,,,,,1118.18,94.0,green,unknown,n/a,unknown,822.39,366.84,0.0,71.05,0.0,19.4,100.0,80.6,,,,,green,green,unknown,unknown,0,
2025-10-09,2095.2,178.5,8.5,,,,,1916.7,91.5,green,unknown,n/a,unknown,1379.23,715.97,0.0,178.5,0.0,24.9,100.0,75.1,,,,,green,yellow,unknown,unknown,0,
2025-10-10,3519.41,313.6,8.9,,,,,3205.81,91.1,green,unknown,n/a,unknown,2148.86,1370.55,0.0,313.6,0.0,22.9,100.0,77.1,,,,,green,yellow,unknown,unknown,0,
2025-10-11,3664.0,289.95,7.9,,,,,3374.05,92.1,green,unknown,n/a,unknown,2375.88,1288.12,0.0,289.95,0.0,22.5,100.0,77.5,,,,,green,yellow,unknown,unknown,0,
2025-10-12,1387.53,110.81,8.0,,,,,1276.72,92.0,green,unknown,n/a,unknown,907.48,480.05,0.0,110.81,0.0,23.1,100.0,76.9,,,,,green,yellow,unknown,unknown,0,
2025-10-13,2918.99,295.24,10.1,,,,,2623.75,89.9,green,unknown,n/a,unknown,1681.57,1237.42,0.0,295.24,0.0,23.9,100.0,76.1,,,,,green,yellow,unknown,unknown,0,
2025-10-15,1709.08,118.09,6.9,,,,,1590.99,93.1,green,unknown,n/a,unknown,1195.26,513.82,0.0,118.09,0.0,23.0,100.0,77.0,,,,,green,yellow,unknown,unknown,0,
2025-10-16,1991.56,115.03,5.8,,,,,1876.53,94.2,green,unknown,n/a,unknown,1430.95,560.62,0.0,115.03,0.0,20.5,100.0,79.5,,,,,green,green,unknown,unknown,0,
2025-10-17,3478.12,291.07,8.4,,,,,3187.05,91.6,green,unknown,n/a,unknown,2307.01,1171.11,0.0,291.07,0.0,24.9,100.0,75.1,,,,,green,yellow,unknown,unknown,0,
2025-10-18,3706.86,297.18,8.0,,,,,3409.68,92.0,green,unknown,n/a,unknown,2327.24,1379.63,0.0,297.18,0.0,21.5,100.0,78.5,,,,,green,green,unknown,unknown,0,
2025-10-19,2573.27,216.22,8.4,,,,,2357.05,91.6,green,unknown,n/a,unknown,1647.53,925.75,0.0,216.22,0.0,23.4,100.0,76.6,,,,,green,yellow,unknown,unknown,0,
2025-10-20,3120.96,314.02,10.1,,,,,2806.94,89.9,green,unknown,n/a,unknown,1940.6,1180.36,0.0,314.02,0.0,26.6,100.0,73.4,,,,,green,amber,unknown,unknown,0,
2025-10-22,1493.41,88.36,5.9,,,,,1405.05,94.1,green,unknown,n/a,unknown,1139.85,353.56,0.0,88.36,0.0,25.0,100.0,75.0,,,,,green,yellow,unknown,unknown,0,
2025-10-23,2339.9,194.88,8.3,,,,,2145.02,91.7,green,unknown,n/a,unknown,1552.09,787.81,0.0,194.88,0.0,24.7,100.0,75.3,,,,,green,yellow,unknown,unknown,0,
2025-10-24,3762.13,332.14,8.8,,,,,3429.99,91.2,green,unknown,n/a,unknown,2337.4,1424.73,0.0,332.14,0.0,23.3,100.0,76.7,,,,,green,yellow,unknown,unknown,0,
2025-10-25,3923.32,266.22,6.8,,,,,3657.1,93.2,green,unknown,n/a,unknown,2576.57,1346.75,0.0,266.22,0.0,19.8,100.0,80.2,,,,,green,green,unknown,unknown,0,
2025-10-26,2101.01,175.81,8.4,,,,,1925.2,91.6,green,unknown,n/a,unknown,1418.12,682.89,0.0,175.81,0.0,25.7,100.0,74.3,,,,,green,amber,unknown,unknown,0,
2025-10-27,2766.42,238.66,8.6,,,,,2527.76,91.4,green,unknown,n/a,unknown,1797.81,968.61,0.0,238.66,0.0,24.6,100.0,75.4,,,,,green,yellow,unknown,unknown,0,
2025-10-29,1624.03,96.39,5.9,,,,,1527.64,94.1,green,unknown,n/a,unknown,1172.15,451.87,0.0,96.39,0.0,21.3,100.0,78.7,,,,,green,green,unknown,unknown,0,
2025-10-30,2029.36,174.77,8.6,,,,,1854.59,91.4,green,unknown,n/a,unknown,1340.99,688.37,0.0,174.77,0.0,25.4,100.0,74.6,,,,,green,amber,unknown,unknown,0,
2025-10-31,3379.95,348.63,10.3,,,,,3031.32,89.7,green,unknown,n/a,unknown,1960.13,1419.82,0.0,348.63,0.0,24.6,100.0,75.4,,,,,green,yellow,unknown,unknown,0,
2025-11-01,5289.86,455.05,8.6,,,,,4834.81,91.4,green,unknown,n/a,unknown,3043.28,2246.58,0.0,455.05,0.0,20.3,100.0,79.7,,,,,green,green,unknown,unknown,0,
2025-11-02,3115.01,265.05,8.5,,,,,2849.96,91.5,green,unknown,n/a,unknown,2464.75,650.25,0.0,265.05,0.0,40.8,100.0,59.2,,,,,green,red,unknown,unknown,0,
2025-11-03,3013.12,260.86,8.7,,,,,2752.26,91.3,green,unknown,n/a,unknown,1844.77,1168.35,0.0,260.86,0.0,22.3,100.0,77.7,,,,,green,yellow,unknown,unknown,0,
2025-11-05,2107.89,160.48,7.6,,,,,1947.41,92.4,green,unknown,n/a,unknown,1495.26,612.63,0.0,160.48,0.0,26.2,100.0,73.8,,,,,green,amber,unknown,unknown,0,
2025-11-06,1716.54,116.33,6.8,,,,,1600.21,93.2,green,unknown,n/a,unknown,1118.28,598.25,0.0,116.33,0.0,19.4,100.0,80.6,,,,,green,green,unknown,unknown,0,
2025-11-07,4486.35,460.68,10.3,,,,,4025.67,89.7,green,unknown,n/a,unknown,2441.99,2044.35,0.0,460.68,0.0,22.5,100.0,77.5,,,,,green,yellow,unknown,unknown,0,
2025-11-08,4680.41,379.95,8.1,,,,,4300.46,91.9,green,unknown,n/a,unknown,2868.74,1811.67,0.0,379.95,0.0,21.0,100.0,79.0,,,,,green,green,unknown,unknown,0,
2025-11-09,2862.03,233.92,8.2,,,,,2628.11,91.8,green,unknown,n/a,unknown,1871.42,990.61,0.0,233.92,0.0,23.6,100.0,76.4,,,,,green,yellow,unknown,unknown,0,
2025-11-10,3376.26,241.99,7.2,,,,,3134.27,92.8,green,unknown,n/a,unknown,2313.04,1063.23,0.0,241.99,0.0,22.8,100.0,77.2,,,,,green,yellow,unknown,unknown,0,
2025-11-12,1322.19,108.71,8.2,,,,,1213.48,91.8,green,unknown,n/a,unknown,875.45,446.74,0.0,108.71,0.0,24.3,100.0,75.7,,,,,green,yellow,unknown,unknown,0,
2025-11-13,1203.64,81.92,6.8,,,,,1121.72,93.2,green,unknown,n/a,unknown,776.82,426.82,0.0,81.92,0.0,19.2,100.0,80.8,,,,,green,green,unknown,unknown,0,
2025-11-14,3154.95,281.14,8.9,,,,,2873.81,91.1,green,unknown,n/a,unknown,2098.43,1056.53,0.0,281.14,0.0,26.6,100.0,73.4,,,,,green,amber,unknown,unknown,0,
2025-11-15,3546.46,275.29,7.8,,,,,3271.17,92.2,green,unknown,n/a,unknown,2386.61,1159.85,0.0,275.29,0.0,23.7,100.0,76.3,,,,,green,yellow,unknown,unknown,0,
2025-11-16,2737.36,273.29,10.0,,,,,2464.07,90.0,green,unknown,n/a,unknown,1479.76,1257.6,0.0,273.29,0.0,21.7,100.0,78.3,,,,,green,green,unknown,unknown,0,
2025-11-17,3075.65,267.35,8.7,1515.89,49.3,,,2808.3,91.3,green,red,n/a,unknown,1872.6,1203.05,0.0,267.35,0.0,22.2,100.0,77.8,,,,,green,yellow,unknown,unknown,0,
2025-11-19,2058.19,125.8,6.1,1014.41,49.3,,,1932.39,93.9,green,red,n/a,unknown,1467.66,590.53,0.0,125.8,0.0,21.3,100.0,78.7,,,,,green,green,unknown,unknown,0,
2025-11-20,1304.05,89.21,6.8,642.72,49.3,,,1214.84,93.2,green,red,n/a,unknown,855.95,448.1,0.0,89.21,0.0,19.9,100.0,80.1,,,,,green,green,unknown,unknown,0,
2025-11-21,2894.55,196.21,6.8,1426.62,49.3,,,2698.34,93.2,green,red,n/a,unknown,1890.91,1003.64,0.0,196.21,0.0,19.5,100.0,80.5,,,,,green,green,unknown,unknown,0,
2025-11-22,3364.63,236.68,7.0,1658.31,49.3,,,3127.95,93.0,green,red,n/a,unknown,2400.37,964.25,0.0,236.68,0.0,24.5,100.0,75.5,,,,,green,yellow,unknown,unknown,0,
2025-11-23,3073.52,237.04,7.7,1514.83,49.3,,,2836.48,92.3,green,red,n/a,unknown,1929.32,1144.2,0.0,237.04,0.0,20.7,100.0,79.3,,,,,green,green,unknown,unknown,0,
2025-11-24,3442.66,278.42,8.1,,,,,3164.24,91.9,green,unknown,n/a,unknown,2218.18,1224.48,0.0,278.42,0.0,22.7,100.0,77.3,,,,,green,yellow,unknown,unknown,0,
2025-11-26,1390.91,78.04,5.6,,,,,1312.87,94.4,green,unknown,n/a,unknown,997.27,393.64,0.0,78.04,0.0,19.8,100.0,80.2,,,,,green,green,unknown,unknown,0,
2025-11-27,2229.43,229.85,10.3,,,,,1999.58,89.7,green,unknown,n/a,unknown,1598.13,631.3,0.0,229.85,0.0,36.4,100.0,63.6,,,,,green,red,unknown,unknown,0,
2025-11-28,3216.35,304.93,9.5,,,,,2911.42,90.5,green,unknown,n/a,unknown,1782.25,1434.1,0.0,304.93,0.0,21.3,100.0,78.7,,,,,green,green,unknown,unknown,0,
2025-11-29,2934.63,192.24,6.6,,,,,2742.39,93.4,green,unknown,n/a,unknown,1730.29,1204.34,0.0,192.24,0.0,16.0,100.0,84.0,,,,,green,green,unknown,unknown,0,
2025-11-30,2406.04,185.79,7.7,,,,,2220.25,92.3,green,unknown,n/a,unknown,1500.95,905.09,0.0,185.79,0.0,20.5,100.0,79.5,,,,,green,green,unknown,unknown,0,
2025-12-01,3021.59,206.26,6.8,,,,,2815.33,93.2,green,unknown,n/a,unknown,2078.89,942.7,0.0,206.26,0.0,21.9,100.0,78.1,,,,,green,green,unknown,unknown,0,
2025-12-02,0.0,151.81,,,,,,-151.81,,unknown,unknown,n/a,unknown,0.0,0.0,0.0,151.81,,,,,,,,,unknown,unknown,unknown,unknown,0,
2025-12-03,1121.76,83.95,7.5,,,,,1037.81,92.5,green,unknown,n/a,unknown,728.97,392.79,0.0,83.95,0.0,21.4,100.0,78.6,,,,,green,green,unknown,unknown,0,
2025-12-04,1744.0,150.66,8.6,,,,,1593.34,91.4,green,unknown,n/a,unknown,1079.0,665.0,0.0,150.66,0.0,22.7,100.0,77.3,,,,,green,yellow,unknown,unknown,0,
2025-12-05,2486.2,197.43,7.9,,,,,2288.77,92.1,green,unknown,n/a,unknown,1705.54,780.66,0.0,197.43,0.0,25.3,100.0,74.7,,,,,green,amber,unknown,unknown,0,
2025-12-06,2373.45,210.42,8.9,,,,,2163.03,91.1,green,unknown,n/a,unknown,1539.37,834.08,0.0,210.42,0.0,25.2,100.0,74.8,,,,,green,amber,unknown,unknown,0,
2025-12-07,1307.24,88.13,6.7,,,,,1219.11,93.3,green,unknown,n/a,unknown,974.74,332.5,0.0,88.13,0.0,26.5,100.0,73.5,,,,,green,amber,unknown,unknown,0,
2025-12-08,4536.83,393.25,8.7,2182.32,48.1,,,4143.58,91.3,green,red,n/a,unknown,2776.35,1760.48,0.0,393.25,0.0,22.3,100.0,77.7,,,,,green,yellow,unknown,unknown,0,
2025-12-10,3330.31,265.88,8.0,1601.95,48.1,,,3064.43,92.0,green,red,n/a,unknown,2180.23,1150.08,0.0,265.88,0.0,23.1,100.0,76.9,,,,,green,yellow,unknown,unknown,0,
2025-12-11,1199.75,66.09,5.5,577.11,48.1,,,1133.66,94.5,green,red,n/a,unknown,874.45,325.3,0.0,66.09,0.0,20.3,100.0,79.7,,,,,green,green,unknown,unknown,0,
2025-12-12,3446.2,304.87,8.8,1657.7,48.1,,,3141.33,91.2,green,red,n/a,unknown,2116.16,1330.04,0.0,304.87,0.0,22.9,100.0,77.1,,,,,green,yellow,unknown,unknown,0,
2025-12-13,4326.61,486.31,11.2,2081.2,48.1,,,3840.3,88.8,green,red,n/a,unknown,2509.95,1816.65,0.0,486.31,0.0,26.8,100.0,73.2,,,,,green,amber,unknown,unknown,0,
2025-12-14,3178.99,255.15,8.0,1529.17,48.1,,,2923.84,92.0,green,red,n/a,unknown,2088.11,1090.88,0.0,255.15,0.0,23.4,100.0,76.6,,,,,green,yellow,unknown,unknown,0,
2025-12-15,4017.95,351.73,8.8,,,,,3666.22,91.2,green,unknown,n/a,unknown,2495.54,1522.41,0.0,351.73,0.0,23.1,100.0,76.9,,,,,green,yellow,unknown,unknown,0,
2025-12-17,2111.13,107.74,5.1,,,,,2003.39,94.9,green,unknown,n/a,unknown,1471.82,639.31,0.0,107.74,0.0,16.9,100.0,83.1,,,,,green,green,unknown,unknown,0,
2025-12-18,2762.95,214.16,7.8,,,,,2548.79,92.2,green,unknown,n/a,unknown,1869.58,893.37,0.0,214.16,0.0,24.0,100.0,76.0,,,,,green,yellow,unknown,unknown,0,
2025-12-19,1176.36,103.91,8.8,,,,,1072.45,91.2,green,unknown,n/a,unknown,785.91,390.45,0.0,103.91,0.0,26.6,100.0,73.4,,,,,green,amber,unknown,unknown,0,
2025-12-20,2729.14,274.09,10.0,,,,,2455.05,90.0,green,unknown,n/a,unknown,1972.47,756.66,0.0,274.09,0.0,36.2,100.0,63.8,,,,,green,red,unknown,unknown,0,
2025-12-21,1916.81,88.91,4.6,,,,,1827.9,95.4,green,unknown,n/a,unknown,1500.55,416.26,0.0,88.91,0.0,21.4,100.0,78.6,,,,,green,green,unknown,unknown,0,
2025-12-22,7236.89,487.05,6.7,,,,,6749.84,93.3,green,unknown,n/a,unknown,5210.94,2025.95,0.0,487.05,0.0,24.0,100.0,76.0,,,,,green,yellow,unknown,unknown,0,
2025-12-27,3010.21,231.91,7.7,,,,,2778.3,92.3,green,unknown,n/a,unknown,1943.04,1067.17,0.0,231.91,0.0,21.7,100.0,78.3,,,,,green,green,unknown,unknown,0,
2025-12-28,2009.75,198.68,9.9,,,,,1811.07,90.1,green,unknown,n/a,unknown,1400.05,609.71,0.0,198.68,0.0,32.6,100.0,67.4,,,,,green,red,unknown,unknown,0,
2025-12-29,5461.25,328.45,6.0,,,,,5132.8,94.0,green,unknown,n/a,unknown,4065.09,1396.15,0.0,328.45,0.0,23.5,100.0,76.5,,,,,green,yellow,unknown,unknown,0,
2025-12-30,4.55,0.0,0.0,,,,,4.55,100.0,green,unknown,n/a,unknown,4.55,0.0,0.0,0.0,0.0,,100.0,,,,,,green,unknown,unknown,unknown,0,
2026-01-02,2997.05,217.92,7.3,,,,,2779.13,92.7,green,unknown,n/a,unknown,2098.55,898.49,0.0,217.92,0.0,24.3,100.0,75.7,,,,,green,yellow,unknown,unknown,0,
2026-01-03,3659.07,332.68,9.1,,,,,3326.39,90.9,green,unknown,n/a,unknown,2166.32,1492.75,0.0,332.68,0.0,22.3,100.0,77.7,,,,,green,yellow,unknown,unknown,0,
2026-01-04,1519.95,132.43,8.7,,,,,1387.52,91.3,green,unknown,n/a,unknown,942.55,577.41,0.0,132.43,0.0,22.9,100.0,77.1,,,,,green,yellow,unknown,unknown,0,
2026-01-05,4230.58,193.22,4.6,1975.9,46.7,,,4037.36,95.4,green,red,n/a,unknown,3288.26,942.32,0.0,193.22,0.0,20.5,100.0,79.5,1380.78,595.12,42.0,63.2,green,green,red,red,0,
2026-01-06,4.55,0.0,0.0,1.91,42.0,,,4.55,100.0,green,red,n/a,unknown,4.55,0.0,0.0,0.0,0.0,,100.0,,1.91,,42.0,,green,unknown,red,unknown,0,
2026-01-07,2573.11,199.24,7.7,1269.38,49.3,,,2373.87,92.3,green,red,n/a,unknown,1680.52,892.59,0.0,199.24,0.0,22.3,100.0,77.7,705.67,563.71,42.0,63.2,green,yellow,red,red,0,
2026-01-08,2911.29,237.3,8.2,1449.82,49.8,,,2673.99,91.8,green,red,n/a,unknown,1837.1,1074.19,0.0,237.3,0.0,22.1,100.0,77.9,771.42,678.4,42.0,63.2,green,yellow,red,red,0,
2026-01-09,3199.78,307.17,9.6,1655.28,51.7,,,2892.61,90.4,green,red,n/a,unknown,1727.21,1472.57,0.0,307.17,0.0,20.9,100.0,79.1,725.28,930.0,42.0,63.2,green,green,red,red,0,
2026-01-10,2783.64,304.35,10.9,1361.99,48.9,,,2479.29,89.1,green,red,n/a,unknown,1871.18,912.45,0.0,304.35,0.0,33.4,100.0,66.6,785.73,576.26,42.0,63.2,green,red,red,red,0,
2026-01-12,3538.25,163.14,4.6,1849.73,52.3,,,3375.11,95.4,green,red,n/a,unknown,3069.65,468.61,0.0,163.14,0.0,34.8,100.0,65.2,1414.94,434.79,46.1,92.8,green,red,red,red,0,
2026-01-14,2710.55,268.01,9.9,1733.59,64.0,,,2442.54,90.1,green,red,n/a,unknown,1673.55,1037.01,0.0,268.01,0.0,25.8,100.0,74.2,771.41,962.18,46.1,92.8,green,amber,red,red,0,
2026-01-15,2174.82,151.63,7.0,1295.51,59.6,,,2023.19,93.0,green,red,n/a,unknown,1547.18,627.64,0.0,151.63,0.0,24.2,100.0,75.8,713.17,582.35,46.1,92.8,green,yellow,red,red,0,
2026-01-16,3303.72,308.44,9.3,2098.22,63.5,,,2995.28,90.7,green,red,n/a,unknown,2071.35,1232.36,0.0,308.44,0.0,25.0,100.0,75.0,954.78,1143.43,46.1,92.8,green,amber,red,red,0,
2026-01-17,1591.09,139.24,8.8,1009.3,63.4,,,1451.85,91.2,green,red,n/a,unknown,1000.18,590.91,0.0,139.24,0.0,23.6,100.0,76.4,461.03,548.27,46.1,92.8,green,yellow,red,red,0,
2026-01-19,5129.89,264.47,5.2,2262.16,44.1,,,4865.42,94.8,green,red,n/a,unknown,4026.58,1103.31,0.0,264.47,0.0,24.0,100.0,76.0,1469.79,792.38,36.5,71.8,green,yellow,red,red,0,
2026-01-21,1236.77,47.29,3.8,556.27,45.0,,,1189.48,96.2,green,red,n/a,unknown,939.95,296.82,0.0,47.29,0.0,15.9,100.0,84.1,343.1,213.17,36.5,71.8,green,green,red,red,0,
2026-01-22,1651.18,113.28,6.9,772.81,46.8,,,1537.9,93.1,green,red,n/a,unknown,1169.55,481.64,0.0,113.28,0.0,23.5,100.0,76.5,426.91,345.9,36.5,71.8,green,yellow,red,red,0,
2026-01-23,3357.91,360.47,10.7,1756.28,52.3,,,2997.44,89.3,green,red,n/a,unknown,1855.56,1502.35,0.0,360.47,0.0,24.0,100.0,76.0,677.32,1078.96,36.5,71.8,green,yellow,red,red,0,
2026-01-24,2794.09,280.71,10.0,1412.71,50.6,,,2513.38,90.0,green,red,n/a,unknown,1681.82,1112.27,0.0,280.71,0.0,25.2,100.0,74.8,613.9,798.81,36.5,71.8,green,amber,red,red,0,
2026-01-26,3896.33,188.99,4.9,2333.75,59.9,,,3707.34,95.1,green,red,n/a,unknown,2922.57,973.75,0.0,188.99,0.0,19.4,100.0,80.6,1352.98,980.77,46.3,100.7,green,green,red,red,0,
2026-01-28,1176.09,78.61,6.7,712.54,60.6,,,1097.48,93.3,green,red,n/a,unknown,867.27,308.82,0.0,78.61,0.0,25.5,100.0,74.5,401.5,311.04,46.3,100.7,green,amber,red,red,0,
2026-01-29,1334.64,85.03,6.4,790.69,59.2,,,1249.61,93.6,green,red,n/a,unknown,1017.09,317.55,0.0,85.03,0.0,26.8,100.0,73.2,470.85,319.83,46.3,100.7,green,amber,red,red,0,
2026-01-30,3030.64,250.84,8.3,1980.47,65.3,,,2779.8,91.7,green,red,n/a,unknown,1969.64,1061.0,0.0,250.84,0.0,23.6,100.0,76.4,911.82,1068.65,46.3,100.7,green,yellow,red,red,0,
2026-01-31,2490.16,114.0,4.6,1449.42,58.2,,,2376.16,95.4,green,red,n/a,unknown,1945.16,545.0,0.0,114.0,0.0,20.9,100.0,79.1,900.49,548.93,46.3,100.7,green,green,red,red,0,
2026-02-02,4608.14,232.76,5.1,2626.39,57.0,,,4375.38,94.9,green,red,n/a,unknown,3695.14,913.0,0.0,232.76,0.0,25.5,100.0,74.5,1926.6,699.79,52.1,76.6,green,amber,red,red,0,
2026-02-04,1413.91,111.92,7.9,857.58,60.7,,,1301.99,92.1,green,red,n/a,unknown,922.73,491.18,0.0,111.92,0.0,22.8,100.0,77.2,481.1,376.48,52.1,76.6,green,yellow,red,red,0,
2026-02-05,2240.14,139.64,6.2,1352.84,60.4,,,2100.5,93.8,green,red,n/a,unknown,1485.86,754.27,0.0,139.64,0.0,18.5,100.0,81.5,774.71,578.13,52.1,76.6,green,green,red,red,0,
2026-02-06,3021.8,220.82,7.3,1821.89,60.3,,,2800.98,92.7,green,red,n/a,unknown,2016.62,1005.18,0.0,220.82,0.0,22.0,100.0,78.0,1051.44,770.45,52.1,76.6,green,green,red,red,0,
2026-02-07,2695.64,202.39,7.5,1625.2,60.3,,,2493.25,92.5,green,red,n/a,unknown,1799.09,896.55,0.0,202.39,0.0,22.6,100.0,77.4,938.02,687.18,52.1,76.6,green,yellow,red,red,0,
2026-02-09,3793.61,273.0,7.2,1997.52,52.7,,,3520.61,92.8,green,red,n/a,unknown,2746.34,1047.27,0.0,273.0,0.0,26.1,100.0,73.9,1416.59,580.93,51.6,55.5,green,amber,red,red,0,
2026-02-11,2213.59,114.97,5.2,1168.37,52.8,,,2098.62,94.8,green,red,n/a,unknown,1530.27,683.32,0.0,114.97,0.0,16.8,100.0,83.2,789.33,379.04,51.6,55.5,green,green,red,red,0,
2026-02-12,2304.55,143.49,6.2,1216.54,52.8,,,2161.06,93.8,green,red,n/a,unknown,1589.09,715.45,0.0,143.49,0.0,20.1,100.0,79.9,819.67,396.87,51.6,55.5,green,green,red,red,0,
2026-02-13,3604.94,380.65,10.6,1929.32,53.5,,,3224.29,89.4,green,red,n/a,unknown,1809.25,1795.68,0.0,380.65,0.0,21.2,100.0,78.8,933.23,996.09,51.6,55.5,green,green,red,red,0,
2026-02-14,3571.41,261.3,7.3,1886.78,52.8,,,3310.11,92.7,green,red,n/a,unknown,2424.59,1146.82,0.0,261.3,0.0,22.8,100.0,77.2,1250.63,636.15,51.6,55.5,green,yellow,red,red,0,
2026-02-16,3891.57,167.7,4.3,2185.49,56.2,,,3723.87,95.7,green,red,n/a,unknown,3140.66,750.91,0.0,167.7,0.0,22.3,100.0,77.7,1521.66,663.83,48.5,88.4,green,yellow,red,red,0,
2026-02-18,1529.03,109.93,7.2,897.51,58.7,,,1419.1,92.8,green,red,n/a,unknown,1136.85,392.18,0.0,109.93,0.0,28.0,100.0,72.0,550.8,346.71,48.5,88.4,green,red,red,red,0,
2026-02-19,1360.91,128.77,9.5,877.11,64.5,,,1232.14,90.5,green,red,n/a,unknown,815.91,545.0,0.0,128.77,0.0,23.6,100.0,76.4,395.31,481.8,48.5,88.4,green,yellow,red,red,0,
2026-02-20,2954.78,217.09,7.3,1804.4,61.1,,,2737.69,92.7,green,red,n/a,unknown,2021.69,933.09,0.0,217.09,0.0,23.3,100.0,76.7,979.51,824.89,48.5,88.4,green,yellow,red,red,0,
2026-02-21,2567.45,209.53,8.2,1591.52,62.0,,,2357.92,91.8,green,red,n/a,unknown,1697.5,869.95,0.0,209.53,0.0,24.1,100.0,75.9,822.44,769.08,48.5,88.4,green,yellow,red,red,0,
2026-02-22,87.46,0.0,0.0,42.38,48.5,,,87.46,100.0,green,red,n/a,unknown,87.46,0.0,0.0,0.0,0.0,,100.0,,42.38,,48.5,,green,unknown,red,unknown,0,
2026-02-23,3920.64,146.16,3.7,1583.27,40.4,,,3774.48,96.3,green,red,n/a,unknown,3247.64,673.0,0.0,146.16,0.0,21.7,100.0,78.3,1147.29,435.98,35.3,64.8,green,green,red,red,0,
2026-02-25,2344.86,208.67,8.9,1058.93,45.2,,,2136.19,91.1,green,red,n/a,unknown,1562.09,782.77,0.0,208.67,0.0,26.7,100.0,73.3,551.84,507.09,35.3,64.8,green,amber,red,red,0,
2026-02-26,1737.7,160.87,9.3,840.48,48.4,,,1576.83,90.7,green,red,n/a,unknown,968.35,769.35,0.0,160.87,0.0,20.9,100.0,79.1,342.09,498.39,35.3,64.8,green,green,red,red,0,
2026-02-27,3007.11,193.51,6.4,1346.96,44.8,,,2813.6,93.6,green,red,n/a,unknown,2040.75,966.36,0.0,193.51,0.0,20.0,100.0,80.0,720.94,626.02,35.3,64.8,green,green,red,red,0,
2026-02-28,3506.11,331.03,9.4,1653.24,47.2,,,3175.08,90.6,green,red,n/a,unknown,2098.38,1407.73,0.0,331.03,0.0,23.5,100.0,76.5,741.3,911.94,35.3,64.8,green,yellow,red,red,0,
2026-03-02,3185.01,84.54,2.7,1192.29,37.4,,,3100.47,97.3,green,red,n/a,unknown,2835.24,349.77,0.0,84.54,0.0,24.2,100.0,75.8,953.98,238.31,33.6,68.1,green,yellow,red,red,0,
2026-03-04,1136.14,72.25,6.4,480.7,42.3,,,1063.89,93.6,green,red,n/a,unknown,850.73,285.41,0.0,72.25,0.0,25.3,100.0,74.7,286.25,194.45,33.6,68.1,green,amber,red,red,0,
2026-03-05,1499.09,127.09,8.5,677.61,45.2,,,1372.0,91.5,green,red,n/a,unknown,996.82,502.27,0.0,127.09,0.0,25.3,100.0,74.7,335.4,342.21,33.6,68.1,green,amber,red,red,0,
2026-03-06,3552.73,285.26,8.0,1609.49,45.3,,,3267.47,92.0,green,red,n/a,unknown,2351.91,1200.82,0.0,285.26,0.0,23.8,100.0,76.2,791.36,818.14,33.6,68.1,green,yellow,red,red,0,
2026-03-07,2313.88,182.35,7.9,1059.57,45.8,,,2131.53,92.1,green,red,n/a,unknown,1498.97,814.91,0.0,182.35,0.0,22.4,100.0,77.6,504.37,555.21,33.6,68.1,green,yellow,red,red,0,
2026-03-09,3292.17,79.75,2.4,1158.07,35.2,,,3212.42,97.6,green,amber,n/a,unknown,2896.26,395.91,0.0,79.75,0.0,20.1,100.0,79.9,951.91,206.17,32.9,52.1,green,green,red,red,0,
2026-03-11,1329.45,103.04,7.8,516.9,38.9,,,1226.41,92.2,green,red,n/a,unknown,913.18,416.27,0.0,103.04,0.0,24.8,100.0,75.2,300.13,216.77,32.9,52.1,green,yellow,red,red,0,
2026-03-12,2753.62,273.47,9.9,1094.11,39.7,,,2480.15,90.1,green,red,n/a,unknown,1769.18,984.44,0.0,273.47,0.0,27.8,100.0,72.2,581.47,512.64,32.9,52.1,green,amber,red,red,0,
2026-03-13,2480.76,231.24,9.3,1021.3,41.2,,,2249.52,90.7,green,red,n/a,unknown,1408.49,1072.27,0.0,231.24,0.0,21.6,100.0,78.4,462.92,558.38,32.9,52.1,green,green,red,red,0,
2026-03-14,2644.43,140.6,5.3,989.01,37.4,,,2503.83,94.7,green,red,n/a,unknown,2020.34,624.09,0.0,140.6,0.0,22.5,100.0,77.5,664.02,324.99,32.9,52.1,green,yellow,red,red,0,
2026-03-15,4.55,0.0,0.0,1.49,32.9,,,4.55,100.0,green,yellow,n/a,unknown,4.55,0.0,0.0,0.0,0.0,,100.0,,1.49,,32.9,,green,unknown,red,unknown,0,
2026-03-16,3669.35,162.91,4.4,1630.65,44.4,,,3506.44,95.6,green,red,n/a,unknown,2943.89,725.45,0.0,162.91,0.0,22.5,100.0,77.5,1151.22,479.43,39.1,66.1,green,yellow,red,red,0,
2026-03-18,1044.36,59.4,5.7,475.12,45.5,,,984.96,94.3,green,red,n/a,unknown,797.09,247.27,0.0,59.4,0.0,24.0,100.0,76.0,311.71,163.41,39.1,66.1,green,yellow,red,red,0,
2026-03-19,1853.64,190.69,10.3,825.44,44.5,,,1662.95,89.7,green,red,n/a,unknown,1480.91,372.73,0.0,190.69,0.0,51.2,100.0,48.8,579.12,246.32,39.1,66.1,green,red,red,red,0,
2026-03-20,2772.45,347.45,12.5,1426.77,51.5,,,2425.0,87.5,green,red,n/a,unknown,1502.73,1269.73,29.71,317.74,2.0,25.0,98.0,75.0,587.65,839.12,39.1,66.1,green,amber,red,red,0,
2026-03-21,2068.64,297.88,14.4,1008.73,48.8,,,1770.76,85.6,green,red,n/a,unknown,1328.18,740.45,77.31,220.57,5.8,29.8,94.2,70.2,519.39,489.34,39.1,66.1,green,red,red,red,0,
2026-03-23,3253.83,198.87,6.1,1682.19,51.7,,,3054.96,93.9,green,red,n/a,unknown,2422.85,830.97,31.35,167.52,1.3,20.2,98.7,79.8,1045.9,636.29,43.2,76.6,green,green,red,red,0,
2026-03-24,0.0,1.05,,,,,,-1.05,,unknown,unknown,n/a,unknown,0.0,0.0,0.0,1.05,,,,,,,,,unknown,unknown,unknown,unknown,0,
2026-03-25,1803.64,132.28,7.3,895.96,49.7,,,1671.36,92.7,green,red,n/a,unknown,1452.27,351.36,43.12,89.16,3.0,25.4,97.0,74.6,626.92,269.05,43.2,76.6,green,amber,red,red,0,
2026-03-26,2365.0,11587.01,489.9,1222.71,51.7,,,-9222.01,-389.9,red,red,n/a,unknown,1760.91,604.09,11394.73,192.28,647.1,31.8,-547.1,68.2,760.15,462.56,43.2,76.6,red,red,red,red,0,
2026-03-27,1695.0,234.58,13.8,910.56,53.7,,,1460.42,86.2,green,red,n/a,unknown,1159.55,535.45,127.38,107.2,11.0,20.0,89.0,80.0,500.55,410.01,43.2,76.6,green,green,red,red,0,
2026-03-28,1496.81,278.63,18.6,905.02,60.5,,,1218.18,81.4,green,red,n/a,unknown,721.81,775.0,52.21,226.42,7.2,29.2,92.8,70.8,311.59,593.43,43.2,76.6,green,red,red,red,0,
2026-03-30,3434.72,155.16,4.5,1439.23,41.9,,,3279.56,95.5,green,red,n/a,unknown,2734.9,699.82,8.23,146.93,0.3,21.0,99.7,79.0,958.38,480.85,35.0,68.7,green,green,red,red,0,
2026-04-01,1583.91,165.67,10.5,712.37,45.0,,,1418.24,89.5,green,red,n/a,unknown,1116.64,467.27,50.67,115.0,4.5,24.6,95.5,75.4,391.3,321.07,35.0,68.7,green,yellow,red,red,0,
2026-04-02,3588.86,359.42,10.0,1722.98,48.0,,,3229.44,90.0,green,red,n/a,unknown,2206.73,1382.14,68.98,290.44,3.1,21.0,96.9,79.0,773.29,949.69,35.0,68.7,green,green,red,red,0,
2026-04-03,1601.63,181.19,11.3,732.65,45.7,,,1420.44,88.7,green,red,n/a,unknown,1092.54,509.09,98.19,83.0,9.0,16.3,91.0,83.7,382.85,349.8,35.0,68.7,green,green,red,red,0,
2026-04-04,2822.61,297.04,10.5,1287.07,45.6,,,2525.57,89.5,green,red,n/a,unknown,1937.64,884.97,145.17,151.87,7.5,17.2,92.5,82.8,679.0,608.08,35.0,68.7,green,green,red,red,0,
2026-04-06,3193.61,408.73,12.8,1284.9,40.2,,,2784.88,87.2,green,red,n/a,unknown,2465.85,727.76,272.71,136.02,11.1,18.7,88.9,81.3,775.07,509.83,31.4,70.1,green,green,red,red,0,
2026-04-08,1410.27,599.13,42.5,587.76,41.7,,,811.14,57.5,red,red,n/a,unknown,1036.18,374.09,512.47,86.66,49.5,23.2,50.5,76.8,325.69,262.07,31.4,70.1,red,yellow,red,red,0,
2026-04-09,2098.82,1122.24,53.5,919.77,43.8,,,976.58,46.5,red,red,n/a,unknown,1425.45,673.36,945.97,176.27,66.4,26.2,33.6,73.8,448.05,471.72,31.4,70.1,red,amber,red,red,0,
2026-04-10,2945.08,1882.61,63.9,1259.91,42.8,,,1062.47,36.1,red,red,n/a,unknown,2079.76,865.32,1688.7,193.91,81.2,22.4,18.8,77.6,653.71,606.2,31.4,70.1,red,yellow,red,red,0,
2026-04-11,3459.57,2957.38,85.5,1528.77,44.2,,,502.19,14.5,red,red,n/a,unknown,2316.85,1142.73,2703.46,253.92,116.7,22.2,-16.7,77.8,728.23,800.54,31.4,70.1,red,yellow,red,red,0,
2026-04-13,4142.62,1257.27,30.3,1785.0,43.1,,,2885.35,69.7,green,red,n/a,unknown,2947.98,1194.64,978.16,279.11,33.2,23.4,66.8,76.6,1144.42,579.88,38.8,48.5,yellow,yellow,red,red,0,
2026-04-15,1741.82,1796.47,103.1,766.08,44.0,,,-54.65,-3.1,red,red,n/a,unknown,1079.55,662.27,1634.48,161.99,151.4,24.5,-51.4,75.5,419.09,321.47,38.8,48.5,red,yellow,red,red,0,
2026-04-16,1795.93,191.81,10.7,779.8,43.4,,,1604.12,89.3,green,red,n/a,unknown,1216.75,579.18,46.96,144.85,3.9,25.0,96.1,75.0,472.35,281.14,38.8,48.5,green,amber,red,red,0,
2026-04-17,2799.77,520.68,18.6,1250.07,44.6,,,2279.09,81.4,green,red,n/a,unknown,1543.0,1256.77,174.92,345.76,11.3,27.5,88.7,72.5,599.0,610.04,38.8,48.5,green,amber,red,red,0,
2026-04-18,2753.81,451.16,16.4,1204.29,43.7,,,2302.65,83.6,green,red,n/a,unknown,1777.45,976.36,204.11,247.05,11.5,25.3,88.5,74.7,690.01,473.93,38.8,48.5,green,amber,red,red,0,
2026-04-20,3977.46,152.08,3.8,,,,,3825.38,96.2,green,unknown,n/a,unknown,3471.55,505.91,47.4,104.68,1.4,20.7,98.6,79.3,,,,,green,green,unknown,unknown,0,
2026-04-22,2142.27,240.79,11.2,,,,,1901.48,88.8,green,unknown,n/a,unknown,1564.09,578.18,70.83,169.96,4.5,29.4,95.5,70.6,,,,,green,red,unknown,unknown,0,
2026-04-23,1898.95,214.93,11.3,,,,,1684.02,88.7,green,unknown,n/a,unknown,1223.91,675.05,53.96,160.97,4.4,23.8,95.6,76.2,,,,,green,yellow,unknown,unknown,0,
2026-04-24,3933.73,628.36,16.0,,,,,3305.37,84.0,green,unknown,n/a,unknown,2338.55,1595.18,231.62,396.74,9.9,24.9,90.1,75.1,,,,,green,yellow,unknown,unknown,0,
2026-04-25,3882.84,533.71,13.7,,,,,3349.13,86.3,green,unknown,n/a,unknown,2675.68,1207.15,292.22,241.49,10.9,20.0,89.1,80.0,,,,,green,green,unknown,unknown,0,
2026-04-27,4343.44,217.0,5.0,1944.23,44.8,,,4126.44,95.0,green,red,n/a,unknown,3434.46,908.97,56.43,160.57,1.6,17.7,98.4,82.3,1319.83,543.03,38.4,59.7,green,green,red,red,0,
2026-04-29,1385.38,167.18,12.1,664.71,48.0,,,1218.2,87.9,green,red,n/a,unknown,886.29,499.09,39.77,127.41,4.5,25.5,95.5,74.5,340.59,298.16,38.4,59.7,green,amber,red,red,0,
2026-04-30,795.55,138.53,17.4,400.31,50.3,,,657.02,82.6,green,red,n/a,unknown,421.64,373.91,48.92,89.61,11.6,24.0,88.4,76.0,162.03,223.38,38.4,59.7,green,yellow,red,red,0,
2026-05-01,2719.58,433.95,16.0,1318.18,48.5,,,2285.63,84.0,green,red,n/a,unknown,1677.35,1042.23,187.33,246.62,11.2,23.7,88.8,76.3,644.59,622.64,38.4,59.7,green,yellow,red,red,0,
2026-05-02,3855.73,554.06,14.4,1815.51,47.1,,,3301.67,85.6,green,red,n/a,unknown,2628.45,1227.27,268.55,285.51,10.2,23.3,89.8,76.7,1010.09,733.18,38.4,59.7,green,yellow,red,red,0,
2026-05-04,2543.94,122.33,4.8,1059.09,41.6,,,2421.61,95.2,green,red,n/a,unknown,2061.21,482.73,20.63,101.7,1.0,21.1,99.0,78.9,778.91,246.65,37.8,51.1,green,green,red,red,0,
2026-05-06,2410.45,360.66,15.0,1045.39,43.4,,,2049.79,85.0,green,red,n/a,unknown,1638.36,772.09,45.98,314.68,2.8,40.8,97.2,59.2,619.12,394.51,37.8,51.1,green,red,red,red,0,
2026-05-07,1573.64,1042.24,66.2,685.8,43.6,,,531.4,33.8,red,red,n/a,unknown,1044.55,529.09,115.94,926.3,11.1,175.1,88.9,-75.1,394.73,270.34,37.8,51.1,green,red,red,red,0,
2026-05-08,3653.82,2398.56,65.6,1611.07,44.1,,,1255.26,34.4,red,red,n/a,unknown,2284.73,1369.09,350.02,2048.54,15.3,149.6,84.7,-49.6,863.38,699.55,37.8,51.1,green,red,red,red,0,
2026-05-09,3129.45,1516.8,48.5,1367.42,43.7,,,1612.65,51.5,red,red,n/a,unknown,2050.36,1079.09,286.09,1230.71,14.0,114.1,86.0,-14.1,774.82,551.37,37.8,51.1,green,red,red,red,0,
2026-05-11,3951.18,994.9,25.2,2278.22,57.7,,,2956.28,74.8,green,red,n/a,unknown,3123.91,827.27,549.13,445.77,17.6,53.9,82.4,46.1,1505.33,703.1,48.2,85.0,green,red,red,red,0,
2026-05-13,783.0,345.5,44.1,454.54,58.1,,,437.5,55.9,red,red,n/a,unknown,610.73,172.27,85.27,260.23,14.0,151.1,86.0,-51.1,294.29,146.41,48.2,85.0,green,red,red,red,0,
2026-05-14,733.18,261.91,35.7,453.24,61.8,,,471.27,64.3,amber,red,n/a,unknown,496.82,236.36,72.34,189.57,14.6,80.2,85.4,19.8,239.4,200.89,48.2,85.0,green,red,red,red,0,
2026-05-15,1666.58,525.71,31.5,953.3,57.2,,,1140.87,68.5,green,red,n/a,unknown,1338.4,328.18,178.71,347.0,13.4,105.7,86.6,-5.7,644.94,278.92,48.2,85.0,green,red,red,red,0,
2026-05-16,3198.3,1080.07,33.8,2057.7,64.3,,,2118.23,66.2,yellow,red,n/a,unknown,1948.3,1250.0,237.61,842.46,12.2,67.4,87.8,32.6,938.84,1062.38,48.2,85.0,green,red,red,red,0,
2026-05-18,2954.78,643.84,21.8,1489.72,50.4,,,2310.94,78.2,green,red,n/a,unknown,2515.6,439.18,248.71,395.13,9.9,90.0,90.1,10.0,1214.84,274.87,48.3,62.6,green,red,red,red,0,
2026-05-20,1946.59,1598.96,82.1,1019.04,52.3,,,347.63,17.9,red,red,n/a,unknown,1394.09,552.5,227.93,1371.03,16.3,248.2,83.7,-148.2,673.24,345.8,48.3,62.6,green,red,red,red,0,
2026-05-21,1255.73,789.77,62.9,688.95,54.9,,,465.96,37.1,red,red,n/a,unknown,678.45,577.27,97.82,691.95,14.4,119.9,85.6,-19.9,327.64,361.3,48.3,62.6,green,red,red,red,0,
2026-05-22,2586.27,1275.82,49.3,1387.68,53.7,,,1310.45,50.7,red,red,n/a,unknown,1615.95,970.32,219.56,1056.26,13.6,108.9,86.4,-8.9,780.38,607.3,48.3,62.6,green,red,red,red,0,
2026-05-23,2191.36,1708.94,78.0,1143.38,52.2,,,482.42,22.0,red,red,n/a,unknown,1595.91,595.45,217.7,1491.24,13.6,250.4,86.4,-150.4,770.7,372.68,48.3,62.6,green,red,red,red,0,
2026-05-25,4159.96,821.32,19.7,1908.58,45.9,,,3338.64,80.3,green,red,n/a,unknown,3499.05,660.91,384.9,436.42,11.0,66.0,89.0,34.0,1387.98,520.61,39.7,78.8,green,red,red,red,0,
2026-05-27,566.36,117.66,20.8,293.7,51.9,,,448.7,79.2,green,red,n/a,unknown,389.82,176.55,72.98,44.68,18.7,25.3,81.3,74.7,154.63,139.07,39.7,78.8,green,amber,red,red,0,
2026-05-28,1270.68,1310.6,103.1,582.71,45.9,,,-39.92,-3.1,red,red,n/a,unknown,1069.5,201.18,175.1,1135.5,16.4,564.4,83.6,-464.4,424.24,158.47,39.7,78.8,green,red,red,red,0,
2026-05-29,3609.65,1967.07,54.5,1976.39,54.8,,,1642.58,45.5,red,red,n/a,unknown,2217.11,1392.55,275.45,1691.62,12.4,121.5,87.6,-21.5,879.46,1096.93,39.7,78.8,green,red,red,red,0,
2026-05-30,2818.36,1719.59,61.0,1551.31,55.0,,,1098.77,39.0,red,red,n/a,unknown,1710.18,1108.18,199.45,1520.14,11.7,137.2,88.3,-37.2,678.38,872.93,39.7,78.8,green,red,red,red,0,
2026-06-01,4189.57,907.19,21.7,1944.0,46.4,,,3282.38,78.3,green,red,n/a,unknown,3440.48,749.09,589.89,317.3,17.1,42.4,82.9,57.6,1217.44,680.56,35.4,90.9,green,red,red,red,0,
2026-06-02,800.09,2563.52,320.4,411.25,51.4,,,-1763.43,-220.4,red,red,n/a,unknown,584.91,215.18,60.26,2503.26,10.3,1163.3,89.7,-1063.3,206.97,195.49,35.4,90.9,green,red,red,red,0,
2026-06-03,1221.36,183.2,15.0,575.39,47.1,,,1038.16,85.0,green,red,n/a,unknown,987.36,234.0,125.28,57.92,12.7,24.8,87.3,75.2,349.39,212.59,35.4,90.9,green,yellow,red,red,0,
2026-06-04,1377.27,210.29,15.3,683.45,49.6,,,1166.98,84.7,green,red,n/a,unknown,1050.99,326.28,136.8,73.49,13.0,22.5,87.0,77.5,371.9,296.43,35.4,90.9,green,yellow,red,red,0,
2026-06-05,3173.17,441.58,13.9,1707.8,53.8,,,2731.59,86.1,green,red,n/a,unknown,2181.35,991.82,219.28,222.3,10.1,22.4,89.9,77.6,771.89,901.08,35.4,90.9,green,yellow,red,red,0,
2026-06-06,2676.34,355.63,13.3,1304.33,48.7,,,2320.71,86.7,green,red,n/a,unknown,2085.15,591.18,234.55,121.08,11.2,20.5,88.8,79.5,737.85,537.09,35.4,90.9,green,green,red,red,0,
2026-06-08,5268.35,817.86,15.5,2788.74,52.9,,,4450.49,84.5,green,red,n/a,unknown,4055.27,1213.08,599.49,218.37,14.8,18.0,85.2,82.0,1924.34,802.46,47.5,66.2,green,green,red,red,0,
2026-06-10,887.86,103.14,11.6,475.07,53.5,,,784.72,88.4,green,red,n/a,unknown,656.18,231.68,54.58,48.56,8.3,21.0,91.7,79.0,311.38,153.26,47.5,66.2,green,green,red,red,0,
2026-06-11,798.91,92.63,11.6,429.38,53.7,,,706.28,88.4,green,red,n/a,unknown,580.27,218.64,45.84,46.79,7.9,21.4,92.1,78.6,275.35,144.63,47.5,66.2,green,green,red,red,0,
2026-06-12,2900.27,399.02,13.8,1556.88,53.7,,,2501.25,86.2,green,red,n/a,unknown,2116.64,783.64,216.19,182.83,10.2,23.3,89.8,76.7,1004.4,518.38,47.5,66.2,green,yellow,red,red,0,
2026-06-13,2562.47,356.42,13.9,1400.04,54.6,,,2206.05,86.1,green,red,n/a,unknown,1739.11,823.36,190.02,166.4,10.9,20.2,89.1,79.8,825.25,544.66,47.5,66.2,green,green,red,red,0,
2026-06-15,3707.38,647.41,17.5,1930.84,52.1,,,3059.97,82.5,green,red,n/a,unknown,2861.93,845.45,461.38,186.03,16.1,22.0,83.9,78.0,1234.93,635.42,43.2,75.2,green,yellow,red,red,0,
2026-06-17,1546.09,237.09,15.3,828.83,53.6,,,1309.0,84.7,green,red,n/a,unknown,1119.73,426.36,150.16,86.93,13.4,20.4,86.6,79.6,483.17,320.44,43.2,75.2,green,green,red,red,0,
2026-06-18,1769.53,299.52,16.9,934.12,52.8,,,1470.01,83.1,green,red,n/a,unknown,1326.85,442.68,161.59,137.93,12.2,31.2,87.8,68.8,572.54,332.71,43.2,75.2,green,red,red,red,0,
2026-06-19,2941.04,449.78,15.3,1601.8,54.5,,,2491.26,84.7,green,red,n/a,unknown,2051.4,889.64,256.08,193.7,12.5,21.8,87.5,78.2,885.19,668.62,43.2,75.2,green,green,red,red,0,
2026-06-20,1981.45,286.04,14.4,1050.86,53.0,,,1695.41,85.6,green,red,n/a,unknown,1470.55,510.91,176.14,109.9,12.0,21.5,88.0,78.5,634.55,383.98,43.2,75.2,green,green,red,red,0,
2026-06-21,13.43,0.0,0.0,6.01,44.8,,,13.43,100.0,green,red,n/a,unknown,13.43,0.0,0.0,0.0,0.0,,100.0,,5.79,,43.2,,green,unknown,red,unknown,0,
2026-06-22,3799.98,628.91,16.6,2241.19,59.0,,,3171.07,83.4,green,red,n/a,unknown,2917.71,882.27,454.01,174.9,15.6,19.8,84.4,80.2,1352.75,793.15,46.4,89.9,green,green,red,red,0,
2026-06-24,987.64,122.72,12.4,564.59,57.2,,,864.92,87.6,green,red,n/a,unknown,799.45,188.18,79.96,42.76,10.0,22.7,90.0,77.3,370.65,169.17,46.4,89.9,green,yellow,red,red,0,
2026-06-25,1133.18,181.03,16.0,672.33,59.3,,,952.15,84.0,green,red,n/a,unknown,860.91,272.27,113.49,67.54,13.2,24.8,86.8,75.2,399.15,244.77,46.4,89.9,green,yellow,red,red,0,
2026-06-26,1779.41,262.04,14.7,1074.29,60.4,,,1517.37,85.3,green,red,n/a,unknown,1309.27,470.14,143.23,118.81,10.9,25.3,89.1,74.7,607.02,422.65,46.4,89.9,green,amber,red,red,0,
2026-06-27,1838.0,239.88,13.1,1049.04,57.1,,,1598.12,86.9,green,red,n/a,unknown,1491.64,346.36,157.81,82.07,10.6,23.7,89.4,76.3,691.57,311.38,46.4,89.9,green,yellow,red,red,0,
2026-06-29,4123.75,537.68,13.0,1731.73,42.0,,,3586.07,87.0,green,red,n/a,unknown,3623.75,500.0,424.95,112.73,11.7,22.5,88.3,77.5,1339.79,327.45,37.0,65.5,green,yellow,red,red,0,
2026-07-01,1262.45,200.99,15.9,572.96,45.4,,,1061.46,84.1,green,red,n/a,unknown,959.27,303.18,134.46,66.53,14.0,21.9,86.0,78.1,354.67,198.56,37.0,65.5,green,green,red,red,0,
2026-07-02,1234.36,215.33,17.4,576.04,46.7,,,1019.03,82.6,green,red,n/a,unknown,882.45,351.91,136.64,78.69,15.5,22.4,84.5,77.6,326.27,230.47,37.0,65.5,green,yellow,red,red,0,
2026-07-03,4422.95,803.9,18.2,2141.11,48.4,,,3619.05,81.8,green,red,n/a,unknown,2891.72,1531.23,322.16,481.74,11.1,31.5,88.9,68.5,1069.14,1002.81,37.0,65.5,green,red,red,red,0,
2026-07-04,3068.59,470.85,15.3,1408.14,45.9,,,2597.74,84.7,green,red,n/a,unknown,2277.45,791.14,285.58,185.27,12.5,23.4,87.5,76.6,842.03,518.12,37.0,65.5,green,yellow,red,red,0,
2026-07-05,13.0,0.0,0.0,5.01,38.5,,,13.0,100.0,green,red,n/a,unknown,13.0,0.0,0.0,0.0,0.0,,100.0,,4.81,,37.0,,green,unknown,red,unknown,0,
2026-07-11,4459.53,680.57,15.3,818.22,18.3,,,3778.96,84.7,green,green,n/a,green,2639.09,1820.36,279.86,400.71,10.6,22.0,89.4,78.0,405.19,408.82,15.4,22.5,green,green,yellow,amber,0,
