date,revenue_ex_gst,cogs_dollars,cogs_pct,wages_dollars,wages_pct,delivery_dollars,delivery_pct,gp_dollars,gp_pct,cogs_alert,wages_alert,delivery_alert,gp_alert,food_ex_gst,bev_ex_gst,food_cogs,bev_cogs,food_cogs_pct,bev_cogs_pct,food_gp_pct,bev_gp_pct,wages_kitchen_dollars,wages_foh_dollars,wages_driver_dollars,wages_kitchen_pct,wages_foh_pct,cogs_food_alert,cogs_bev_alert,wages_kitchen_alert,wages_foh_alert,uber_eats_revenue,uber_direct_dollars,leave_dollars
2024-10-23,596.16,0.0,0.0,,,,,596.16,100.0,green,unknown,unknown,unknown,596.16,0.0,,,,,,,,,,,,unknown,unknown,unknown,unknown,0,,
2024-10-24,886.76,0.0,0.0,,,,,886.76,100.0,green,unknown,unknown,unknown,886.76,0.0,,,,,,,,,,,,unknown,unknown,unknown,unknown,0,,
2024-10-25,2466.26,0.0,0.0,,,,,2466.26,100.0,green,unknown,unknown,unknown,2466.26,0.0,,,,,,,,,,,,unknown,unknown,unknown,unknown,0,,
2024-10-26,2528.51,0.0,0.0,,,,,2528.51,100.0,green,unknown,unknown,unknown,2528.51,0.0,,,,,,,,,,,,unknown,unknown,unknown,unknown,0,,
2024-10-27,1183.54,0.0,0.0,,,,,1183.54,100.0,green,unknown,unknown,unknown,1183.54,0.0,,,,,,,,,,,,unknown,unknown,unknown,unknown,0,,
2024-10-29,692.47,0.0,0.0,,,,,692.47,100.0,green,unknown,unknown,unknown,692.47,0.0,,,,,,,,,,,,unknown,unknown,unknown,unknown,0,,
2024-10-30,1028.57,0.0,0.0,,,,,1028.57,100.0,green,unknown,unknown,unknown,1028.57,0.0,,,,,,,,,,,,unknown,unknown,unknown,unknown,0,,
2024-10-31,2570.44,0.0,0.0,,,,,2570.44,100.0,green,unknown,unknown,unknown,2570.44,0.0,,,,,,,,,,,,unknown,unknown,unknown,unknown,0,,
2024-11-01,2854.21,0.0,0.0,,,,,2854.21,100.0,green,unknown,unknown,unknown,2854.21,0.0,,,,,,,,,,,,unknown,unknown,unknown,unknown,0,,
2024-11-02,2866.86,0.0,0.0,,,,,2866.86,100.0,green,unknown,unknown,unknown,2866.86,0.0,,,,,,,,,,,,unknown,unknown,unknown,unknown,0,,
2024-11-03,2347.04,11.21,0.5,,,,,2335.83,99.5,green,unknown,unknown,unknown,2347.04,0.0,11.21,0.0,0.5,,99.5,,,,,,,unknown,unknown,unknown,unknown,0,,
2024-11-05,1379.96,4.41,0.3,,,,,1375.55,99.7,green,unknown,unknown,unknown,1379.96,0.0,4.41,0.0,0.3,,99.7,,,,,,,unknown,unknown,unknown,unknown,0,,
2024-11-06,872.87,5.69,0.7,,,,,867.18,99.3,green,unknown,unknown,unknown,872.87,0.0,5.69,0.0,0.7,,99.3,,,,,,,unknown,unknown,unknown,unknown,0,,
2024-11-07,1175.25,4.56,0.4,,,,,1170.69,99.6,green,unknown,unknown,unknown,1175.25,0.0,4.56,0.0,0.4,,99.6,,,,,,,unknown,unknown,unknown,unknown,0,,
2024-11-08,4675.91,23.52,0.5,,,,,4652.39,99.5,green,unknown,unknown,unknown,4675.91,0.0,23.52,0.0,0.5,,99.5,,,,,,,unknown,unknown,unknown,unknown,0,,
2024-11-09,3583.43,67.01,1.9,,,,,3516.42,98.1,green,unknown,unknown,unknown,3583.43,0.0,67.01,0.0,1.9,,98.1,,,,,,,unknown,unknown,unknown,unknown,0,,
2024-11-10,2340.0,4.97,0.2,,,,,2335.03,99.8,green,unknown,unknown,unknown,2340.0,0.0,4.97,0.0,0.2,,99.8,,,,,,,unknown,unknown,unknown,unknown,0,,
2024-11-12,836.45,22.27,2.7,,,,,814.18,97.3,green,unknown,unknown,unknown,836.45,0.0,22.27,0.0,2.7,,97.3,,,,,,,unknown,unknown,unknown,unknown,0,,
2024-11-13,1095.82,13.61,1.2,,,,,1082.21,98.8,green,unknown,unknown,unknown,1095.82,0.0,13.61,0.0,1.2,,98.8,,,,,,,unknown,unknown,unknown,unknown,0,,
2024-11-14,1549.53,40.57,2.6,,,,,1508.96,97.4,green,unknown,unknown,unknown,1549.53,0.0,40.57,0.0,2.6,,97.4,,,,,,,unknown,unknown,unknown,unknown,0,,
2024-11-15,3531.85,9.2,0.3,,,,,3522.65,99.7,green,unknown,unknown,unknown,3531.85,0.0,9.2,0.0,0.3,,99.7,,,,,,,unknown,unknown,unknown,unknown,0,,
2024-11-16,2956.44,8.63,0.3,,,,,2947.81,99.7,green,unknown,unknown,unknown,2956.44,0.0,8.63,0.0,0.3,,99.7,,,,,,,unknown,unknown,unknown,unknown,0,,
2024-11-17,1970.93,12.89,0.7,,,,,1958.04,99.3,green,unknown,unknown,unknown,1970.93,0.0,12.89,0.0,0.7,,99.3,,,,,,,unknown,unknown,unknown,unknown,0,,
2024-11-19,1032.93,1.47,0.1,590.27,57.1,75.6,7.3,1031.46,99.9,green,unknown,unknown,unknown,1032.93,0.0,1.47,0.0,0.1,,99.9,,,,,,,unknown,unknown,unknown,unknown,0,,
2024-11-20,1011.14,7.16,0.7,471.74,46.7,75.6,7.5,1003.98,99.3,green,unknown,unknown,unknown,1011.14,0.0,7.16,0.0,0.7,,99.3,,,,,,,unknown,unknown,unknown,unknown,0,,
2024-11-21,1842.89,13.27,0.7,865.28,47.0,183.96,10.0,1829.62,99.3,green,unknown,unknown,unknown,1842.89,0.0,13.27,0.0,0.7,,99.3,,,,,,,unknown,unknown,unknown,unknown,0,,
2024-11-22,4084.13,18.92,0.5,1119.23,27.4,284.38,7.0,4065.21,99.5,green,unknown,unknown,unknown,4084.13,0.0,18.92,0.0,0.5,,99.5,,,,,,,unknown,unknown,unknown,unknown,0,,
2024-11-23,3097.16,17.84,0.6,1043.19,33.7,252.39,8.1,3079.32,99.4,green,unknown,unknown,unknown,3097.16,0.0,17.84,0.0,0.6,,99.4,,,,,,,unknown,unknown,unknown,unknown,0,,
2024-11-24,2727.79,14.74,0.5,1392.13,51.0,278.36,10.2,2713.05,99.5,green,unknown,unknown,unknown,2727.79,0.0,14.74,0.0,0.5,,99.5,,,,,,,unknown,unknown,unknown,unknown,0,,
2024-11-26,1408.76,9.32,0.7,613.75,43.6,105.0,7.5,1399.44,99.3,green,unknown,unknown,unknown,1408.76,0.0,9.32,0.0,0.7,,99.3,,,,,,,unknown,unknown,unknown,unknown,0,,
2024-11-27,1527.75,26.44,1.7,667.49,43.7,71.4,4.7,1501.31,98.3,green,unknown,unknown,unknown,1527.75,0.0,26.44,0.0,1.7,,98.3,,,,,,,unknown,unknown,unknown,unknown,0,,
2024-11-28,1344.05,8.5,0.6,1030.34,76.7,176.4,13.1,1335.55,99.4,green,unknown,unknown,unknown,1344.05,0.0,8.5,0.0,0.6,,99.4,,,,,,,unknown,unknown,unknown,unknown,0,,
2024-11-29,4265.43,36.26,0.9,1283.41,30.1,263.48,6.2,4229.17,99.1,green,unknown,unknown,unknown,4265.43,0.0,36.26,0.0,0.9,,99.1,,,,,,,unknown,unknown,unknown,unknown,0,,
2024-11-30,3313.85,30.34,0.9,1142.49,34.5,390.57,11.8,3283.51,99.1,green,unknown,unknown,unknown,3313.85,0.0,30.34,0.0,0.9,,99.1,,,,,,,unknown,unknown,unknown,unknown,0,,
2024-12-01,2594.71,31.6,1.2,1150.44,44.3,300.4,11.6,2563.11,98.8,green,unknown,unknown,unknown,2594.71,0.0,31.6,0.0,1.2,,98.8,,,,,,,unknown,unknown,unknown,unknown,0,,
2024-12-03,1391.96,29.52,2.1,584.35,42.0,75.6,5.4,1362.44,97.9,green,unknown,unknown,unknown,1391.96,0.0,29.52,0.0,2.1,,97.9,,,,,,,unknown,unknown,unknown,unknown,0,,
2024-12-04,1442.22,7.17,0.5,641.62,44.5,80.64,5.6,1435.05,99.5,green,unknown,unknown,unknown,1442.22,0.0,7.17,0.0,0.5,,99.5,,,,,,,unknown,unknown,unknown,unknown,0,,
2024-12-05,1426.4,7.76,0.5,874.43,61.3,206.08,14.4,1418.64,99.5,green,unknown,unknown,unknown,1426.4,0.0,7.76,0.0,0.5,,99.5,,,,,,,unknown,unknown,unknown,unknown,0,,
2024-12-06,4355.25,71.22,1.6,1166.02,26.8,322.56,7.4,4284.03,98.4,green,unknown,unknown,unknown,4355.25,0.0,71.22,0.0,1.6,,98.4,,,,,,,unknown,unknown,unknown,unknown,0,,
2024-12-07,3373.32,74.1,2.2,1423.02,42.2,348.21,10.3,3299.22,97.8,green,unknown,unknown,unknown,3373.32,0.0,74.1,0.0,2.2,,97.8,,,,,,,unknown,unknown,unknown,unknown,0,,
2024-12-08,2791.06,16.72,0.6,1068.51,38.3,251.69,9.0,2774.34,99.4,green,unknown,unknown,unknown,2791.06,0.0,16.72,0.0,0.6,,99.4,,,,,,,unknown,unknown,unknown,unknown,0,,
2024-12-10,1476.94,41.99,2.8,618.75,41.9,76.16,5.2,1434.95,97.2,green,unknown,unknown,unknown,1476.94,0.0,41.99,0.0,2.8,,97.2,,,,,,,unknown,unknown,unknown,unknown,0,,
2024-12-11,1272.57,30.38,2.4,639.91,50.3,75.6,5.9,1242.19,97.6,green,unknown,unknown,unknown,1272.57,0.0,30.38,0.0,2.4,,97.6,,,,,,,unknown,unknown,unknown,unknown,0,,
2024-12-12,2195.92,4.43,0.2,920.21,41.9,202.44,9.2,2191.49,99.8,green,unknown,unknown,unknown,2195.92,0.0,4.43,0.0,0.2,,99.8,,,,,,,unknown,unknown,unknown,unknown,0,,
2024-12-13,4449.52,41.84,0.9,1144.36,25.7,289.8,6.5,4407.68,99.1,green,unknown,unknown,unknown,4449.52,0.0,41.84,0.0,0.9,,99.1,,,,,,,unknown,unknown,unknown,unknown,0,,
2024-12-14,3990.41,38.13,1.0,1473.02,36.9,462.83,11.6,3952.28,99.0,green,unknown,unknown,unknown,3990.41,0.0,38.13,0.0,1.0,,99.0,,,,,,,unknown,unknown,unknown,unknown,0,,
2024-12-15,1738.51,6.08,0.3,1104.62,63.5,273.3,15.7,1732.43,99.7,green,unknown,unknown,unknown,1738.51,0.0,6.08,0.0,0.3,,99.7,,,,,,,unknown,unknown,unknown,unknown,0,,
2024-12-17,2380.99,23.31,1.0,734.56,30.9,80.64,3.4,2357.68,99.0,green,unknown,unknown,unknown,2380.99,0.0,23.31,0.0,1.0,,99.0,,,,,,,unknown,unknown,unknown,unknown,0,,
2024-12-18,1939.35,129.21,6.7,731.22,37.7,85.68,4.4,1810.14,93.3,green,unknown,unknown,unknown,1939.35,0.0,129.21,0.0,6.7,,93.3,,,,,,,unknown,unknown,unknown,unknown,0,,
2024-12-19,2291.03,28.98,1.3,935.93,40.9,214.76,9.4,2262.05,98.7,green,unknown,unknown,unknown,2291.03,0.0,28.98,0.0,1.3,,98.7,,,,,,,unknown,unknown,unknown,unknown,0,,
2024-12-20,4830.63,95.95,2.0,1393.07,28.8,352.93,7.3,4734.68,98.0,green,unknown,unknown,unknown,4830.63,0.0,95.95,0.0,2.0,,98.0,,,,,,,unknown,unknown,unknown,unknown,0,,
2024-12-21,3893.51,89.15,2.3,1473.06,37.8,398.17,10.2,3804.36,97.7,green,unknown,unknown,unknown,3893.51,0.0,89.15,0.0,2.3,,97.7,,,,,,,unknown,unknown,unknown,unknown,0,,
2024-12-22,2408.75,84.57,3.5,1302.82,54.1,322.18,13.4,2324.18,96.5,green,unknown,unknown,unknown,2408.75,0.0,84.57,0.0,3.5,,96.5,,,,,,,unknown,unknown,unknown,unknown,0,,
2024-12-27,2806.22,4.71,0.2,1257.39,44.8,245.52,8.7,2801.51,99.8,green,unknown,unknown,unknown,2806.22,0.0,4.71,0.0,0.2,,99.8,,,,,,,unknown,unknown,unknown,unknown,0,,
2024-12-28,3152.15,77.38,2.5,1635.76,51.9,472.59,15.0,3074.77,97.5,green,unknown,unknown,unknown,3152.15,0.0,77.38,0.0,2.5,,97.5,,,,,,,unknown,unknown,unknown,unknown,0,,
2024-12-29,3855.85,93.06,2.4,1383.19,35.9,310.69,8.1,3762.79,97.6,green,unknown,unknown,unknown,3855.85,0.0,93.06,0.0,2.4,,97.6,,,,,,,unknown,unknown,unknown,unknown,0,,
2025-01-02,1725.72,16.88,1.0,1194.89,69.2,307.64,17.8,1708.84,99.0,green,unknown,unknown,unknown,1725.72,0.0,16.88,0.0,1.0,,99.0,,,,,,,unknown,unknown,unknown,unknown,0,,
2025-01-03,2971.53,18.71,0.6,1335.74,45.0,323.32,10.9,2952.82,99.4,green,unknown,unknown,unknown,2971.53,0.0,18.71,0.0,0.6,,99.4,,,,,,,unknown,unknown,unknown,unknown,0,,
2025-01-04,3850.63,26.83,0.7,1529.51,39.7,258.1,6.7,3823.8,99.3,green,unknown,unknown,unknown,3850.63,0.0,26.83,0.0,0.7,,99.3,,,,,,,unknown,unknown,unknown,unknown,0,,
2025-01-05,2152.74,29.56,1.4,1107.0,51.4,235.89,11.0,2123.18,98.6,green,unknown,unknown,unknown,2152.74,0.0,29.56,0.0,1.4,,98.6,,,,,,,unknown,unknown,unknown,unknown,0,,
2025-01-07,1267.03,46.96,3.7,677.51,53.5,76.16,6.0,1220.07,96.3,green,unknown,unknown,unknown,1267.03,0.0,46.96,0.0,3.7,,96.3,,,,,,,unknown,unknown,unknown,unknown,0,,
2025-01-08,1372.65,38.1,2.8,719.29,52.4,85.68,6.2,1334.55,97.2,green,unknown,unknown,unknown,1372.65,0.0,38.1,0.0,2.8,,97.2,,,,,,,unknown,unknown,unknown,unknown,0,,
2025-01-09,2048.9,33.46,1.6,1009.51,49.3,213.08,10.4,2015.44,98.4,green,unknown,unknown,unknown,2048.9,0.0,33.46,0.0,1.6,,98.4,,,,,,,unknown,unknown,unknown,unknown,0,,
2025-01-10,3591.66,95.22,2.7,1598.23,44.5,377.36,10.5,3496.44,97.3,green,unknown,unknown,unknown,3591.66,0.0,95.22,0.0,2.7,,97.3,,,,,,,unknown,unknown,unknown,unknown,0,,
2025-01-11,2638.95,44.5,1.7,1516.53,57.5,292.93,11.1,2594.45,98.3,green,unknown,unknown,unknown,2638.95,0.0,44.5,0.0,1.7,,98.3,,,,,,,unknown,unknown,unknown,unknown,0,,
2025-01-12,2424.34,27.99,1.2,1193.44,49.2,313.84,12.9,2396.35,98.8,green,unknown,unknown,unknown,2424.34,0.0,27.99,0.0,1.2,,98.8,,,,,,,unknown,unknown,unknown,unknown,0,,
2025-01-14,1217.26,26.73,2.2,662.4,54.4,66.64,5.5,1190.53,97.8,green,unknown,unknown,unknown,1217.26,0.0,26.73,0.0,2.2,,97.8,,,,,,,unknown,unknown,unknown,unknown,0,,
2025-01-15,1499.67,13.68,0.9,706.52,47.1,76.16,5.1,1485.99,99.1,green,unknown,unknown,unknown,1499.67,0.0,13.68,0.0,0.9,,99.1,,,,,,,unknown,unknown,unknown,unknown,0,,
2025-01-16,1253.33,13.43,1.1,890.26,71.0,183.4,14.6,1239.9,98.9,green,unknown,unknown,unknown,1253.33,0.0,13.43,0.0,1.1,,98.9,,,,,,,unknown,unknown,unknown,unknown,0,,
2025-01-17,3870.03,42.14,1.1,1172.75,30.3,214.49,5.5,3827.89,98.9,green,unknown,unknown,unknown,3870.03,0.0,42.14,0.0,1.1,,98.9,,,,,,,unknown,unknown,unknown,unknown,0,,
2025-01-18,2486.22,28.12,1.1,1280.6,51.5,392.46,15.8,2458.1,98.9,green,unknown,unknown,unknown,2486.22,0.0,28.12,0.0,1.1,,98.9,,,,,,,unknown,unknown,unknown,unknown,0,,
2025-01-19,1850.1,14.51,0.8,876.47,47.4,266.46,14.4,1835.59,99.2,green,unknown,unknown,unknown,1850.1,0.0,14.51,0.0,0.8,,99.2,,,,,,,unknown,unknown,unknown,unknown,0,,
2025-01-21,1326.22,24.73,1.9,713.22,53.8,71.4,5.4,1301.49,98.1,green,unknown,unknown,unknown,1326.22,0.0,24.73,0.0,1.9,,98.1,,,,,,,unknown,unknown,unknown,unknown,0,,
2025-01-22,1512.03,33.02,2.2,709.04,46.9,80.64,5.3,1479.01,97.8,green,unknown,unknown,unknown,1512.03,0.0,33.02,0.0,2.2,,97.8,,,,,,,unknown,unknown,unknown,unknown,0,,
2025-01-23,1660.01,4.68,0.3,778.9,46.9,79.8,4.8,1655.33,99.7,green,unknown,unknown,unknown,1660.01,0.0,4.68,0.0,0.3,,99.7,,,,,,,unknown,unknown,unknown,unknown,0,,
2025-01-24,2636.83,111.55,4.2,1100.97,41.8,114.24,4.3,2525.28,95.8,green,unknown,unknown,unknown,2636.83,0.0,111.55,0.0,4.2,,95.8,,,,,,,unknown,unknown,unknown,unknown,0,,
2025-01-25,3074.82,145.34,4.7,1437.26,46.7,437.91,14.2,2929.48,95.3,green,unknown,unknown,unknown,3074.82,0.0,145.34,0.0,4.7,,95.3,,,,,,,unknown,unknown,unknown,unknown,0,,
2025-01-26,2906.83,20.68,0.7,1200.92,41.3,291.55,10.0,2886.15,99.3,green,unknown,unknown,unknown,2906.83,0.0,20.68,0.0,0.7,,99.3,,,,,,,unknown,unknown,unknown,unknown,0,,
2025-01-28,1348.69,4.68,0.3,539.98,40.0,0.0,0.0,1344.01,99.7,green,unknown,unknown,unknown,1348.69,0.0,4.68,0.0,0.3,,99.7,,,,,,,unknown,unknown,unknown,unknown,0,,
2025-01-29,1051.98,3.01,0.3,602.17,57.2,0.0,0.0,1048.97,99.7,green,unknown,unknown,unknown,1051.98,0.0,3.01,0.0,0.3,,99.7,,,,,,,unknown,unknown,unknown,unknown,0,,
2025-01-30,1318.83,12.57,1.0,708.58,53.7,0.0,0.0,1306.26,99.0,green,unknown,unknown,unknown,1318.83,0.0,12.57,0.0,1.0,,99.0,,,,,,,unknown,unknown,unknown,unknown,0,,
2025-01-31,3678.2,70.74,1.9,1132.08,30.8,267.4,7.3,3607.46,98.1,green,unknown,unknown,unknown,3678.2,0.0,70.74,0.0,1.9,,98.1,,,,,,,unknown,unknown,unknown,unknown,0,,
2025-02-01,3508.17,37.37,1.1,1234.14,35.2,381.92,10.9,3470.8,98.9,green,unknown,unknown,unknown,3508.17,0.0,37.37,0.0,1.1,,98.9,,,,,,,unknown,unknown,unknown,unknown,0,,
2025-02-02,2217.4,27.86,1.3,1036.53,46.7,238.02,10.7,2189.54,98.7,green,unknown,unknown,unknown,2217.4,0.0,27.86,0.0,1.3,,98.7,,,,,,,unknown,unknown,unknown,unknown,0,,
2025-02-04,1152.43,25.28,2.2,702.36,60.9,60.48,5.2,1127.15,97.8,green,unknown,unknown,unknown,1152.43,0.0,25.28,0.0,2.2,,97.8,,,,,,,unknown,unknown,unknown,unknown,0,,
2025-02-05,1101.28,18.87,1.7,658.62,59.8,80.64,7.3,1082.41,98.3,green,unknown,unknown,unknown,1101.28,0.0,18.87,0.0,1.7,,98.3,,,,,,,unknown,unknown,unknown,unknown,0,,
2025-02-06,1146.36,25.61,2.2,840.03,73.3,163.8,14.3,1120.75,97.8,green,unknown,unknown,unknown,1146.36,0.0,25.61,0.0,2.2,,97.8,,,,,,,unknown,unknown,unknown,unknown,0,,
2025-02-07,3717.89,73.64,2.0,1270.0,34.2,367.82,9.9,3644.25,98.0,green,unknown,unknown,unknown,3717.89,0.0,73.64,0.0,2.0,,98.0,,,,,,,unknown,unknown,unknown,unknown,0,,
2025-02-08,2734.62,17.37,0.6,1341.98,49.1,323.14,11.8,2717.25,99.4,green,unknown,unknown,unknown,2734.62,0.0,17.37,0.0,0.6,,99.4,,,,,,,unknown,unknown,unknown,unknown,0,,
2025-02-09,1445.02,6.12,0.4,1108.99,76.7,248.67,17.2,1438.9,99.6,green,unknown,unknown,unknown,1445.02,0.0,6.12,0.0,0.4,,99.6,,,,,,,unknown,unknown,unknown,unknown,0,,
2025-02-11,823.15,42.09,5.1,644.02,78.2,70.56,8.6,781.06,94.9,green,unknown,unknown,unknown,823.15,0.0,42.09,0.0,5.1,,94.9,,,,,,,unknown,unknown,unknown,unknown,0,,
2025-02-12,995.62,23.62,2.4,668.38,67.1,75.6,7.6,972.0,97.6,green,unknown,unknown,unknown,995.62,0.0,23.62,0.0,2.4,,97.6,,,,,,,unknown,unknown,unknown,unknown,0,,
2025-02-13,1047.67,6.02,0.6,767.17,73.2,174.16,16.6,1041.65,99.4,green,unknown,unknown,unknown,1047.67,0.0,6.02,0.0,0.6,,99.4,,,,,,,unknown,unknown,unknown,unknown,0,,
2025-02-14,4673.01,48.66,1.0,1409.25,30.2,349.12,7.5,4624.35,99.0,green,unknown,unknown,unknown,4673.01,0.0,48.66,0.0,1.0,,99.0,,,,,,,unknown,unknown,unknown,unknown,0,,
2025-02-15,2838.91,43.66,1.5,1445.45,50.9,356.43,12.6,2795.25,98.5,green,unknown,unknown,unknown,2838.91,0.0,43.66,0.0,1.5,,98.5,,,,,,,unknown,unknown,unknown,unknown,0,,
2025-02-16,1791.55,21.6,1.2,961.12,53.6,271.11,15.1,1769.95,98.8,green,unknown,unknown,unknown,1791.55,0.0,21.6,0.0,1.2,,98.8,,,,,,,unknown,unknown,unknown,unknown,0,,
2025-02-18,852.57,8.26,1.0,562.28,66.0,60.48,7.1,844.31,99.0,green,unknown,unknown,unknown,852.57,0.0,8.26,0.0,1.0,,99.0,,,,,,,unknown,unknown,unknown,unknown,0,,
2025-02-19,675.58,6.72,1.0,610.81,90.4,75.6,11.2,668.86,99.0,green,unknown,unknown,unknown,675.58,0.0,6.72,0.0,1.0,,99.0,,,,,,,unknown,unknown,unknown,unknown,0,,
2025-02-20,1498.84,29.59,2.0,756.92,50.5,167.16,11.2,1469.25,98.0,green,unknown,unknown,unknown,1498.84,0.0,29.59,0.0,2.0,,98.0,,,,,,,unknown,unknown,unknown,unknown,0,,
2025-02-21,4522.51,25.48,0.6,1354.25,29.9,281.68,6.2,4497.03,99.4,green,unknown,unknown,unknown,4522.51,0.0,25.48,0.0,0.6,,99.4,,,,,,,unknown,unknown,unknown,unknown,0,,
2025-02-22,2861.28,99.47,3.5,1629.25,56.9,356.43,12.5,2761.81,96.5,green,unknown,unknown,unknown,2861.28,0.0,99.47,0.0,3.5,,96.5,,,,,,,unknown,unknown,unknown,unknown,0,,
2025-02-23,2005.27,56.7,2.8,1030.9,51.4,267.07,13.3,1948.57,97.2,green,unknown,unknown,unknown,2005.27,0.0,56.7,0.0,2.8,,97.2,,,,,,,unknown,unknown,unknown,unknown,0,,
2025-02-25,562.75,8.16,1.5,616.79,109.6,70.56,12.5,554.59,98.5,green,unknown,unknown,unknown,562.75,0.0,8.16,0.0,1.5,,98.5,,,,,,,unknown,unknown,unknown,unknown,0,,
2025-02-26,1059.66,13.54,1.3,716.2,67.6,85.68,8.1,1046.12,98.7,green,unknown,unknown,unknown,1059.66,0.0,13.54,0.0,1.3,,98.7,,,,,,,unknown,unknown,unknown,unknown,0,,
2025-02-27,1517.32,31.9,2.1,846.0,55.8,186.48,12.3,1485.42,97.9,green,unknown,unknown,unknown,1517.32,0.0,31.9,0.0,2.1,,97.9,,,,,,,unknown,unknown,unknown,unknown,0,,
2025-02-28,5102.4,144.43,2.8,1428.34,28.0,261.8,5.1,4957.97,97.2,green,unknown,unknown,unknown,5102.4,0.0,144.43,0.0,2.8,,97.2,,,,,,,unknown,unknown,unknown,unknown,0,,
2025-03-01,2973.19,21.21,0.7,1164.5,39.2,85.7,2.9,2951.98,99.3,green,unknown,unknown,unknown,2973.19,0.0,21.21,0.0,0.7,,99.3,,,,,,,unknown,unknown,unknown,unknown,0,,
2025-03-02,1978.7,14.56,0.7,988.62,50.0,254.25,12.8,1964.14,99.3,green,unknown,unknown,unknown,1978.7,0.0,14.56,0.0,0.7,,99.3,,,,,,,unknown,unknown,unknown,unknown,0,,
2025-03-04,1143.57,15.98,1.4,640.28,56.0,70.56,6.2,1127.59,98.6,green,unknown,unknown,unknown,1143.57,0.0,15.98,0.0,1.4,,98.6,,,,,,,unknown,unknown,unknown,unknown,0,,
2025-03-05,999.59,15.16,1.5,732.63,73.3,80.64,8.1,984.43,98.5,green,unknown,unknown,unknown,999.59,0.0,15.16,0.0,1.5,,98.5,,,,,,,unknown,unknown,unknown,unknown,0,,
2025-03-06,1163.26,13.59,1.2,880.48,75.7,184.8,15.9,1149.67,98.8,green,unknown,unknown,unknown,1163.26,0.0,13.59,0.0,1.2,,98.8,,,,,,,unknown,unknown,unknown,unknown,0,,
2025-03-07,3986.69,262.13,6.6,1329.31,33.3,372.4,9.3,3724.56,93.4,green,unknown,unknown,unknown,3986.69,0.0,262.13,0.0,6.6,,93.4,,,,,,,unknown,unknown,unknown,unknown,0,,
2025-03-08,3276.9,38.57,1.2,1181.08,36.0,347.01,10.6,3238.33,98.8,green,unknown,unknown,unknown,3276.9,0.0,38.57,0.0,1.2,,98.8,,,,,,,unknown,unknown,unknown,unknown,0,,
2025-03-09,1972.04,23.32,1.2,1106.97,56.1,247.74,12.6,1948.72,98.8,green,unknown,unknown,unknown,1972.04,0.0,23.32,0.0,1.2,,98.8,,,,,,,unknown,unknown,unknown,unknown,0,,
2025-03-11,740.88,16.74,2.3,703.4,94.9,70.56,9.5,724.14,97.7,green,unknown,unknown,unknown,740.88,0.0,16.74,0.0,2.3,,97.7,,,,,,,unknown,unknown,unknown,unknown,0,,
2025-03-12,1329.39,20.12,1.5,726.84,54.7,75.6,5.7,1309.27,98.5,green,unknown,unknown,unknown,1329.39,0.0,20.12,0.0,1.5,,98.5,,,,,,,unknown,unknown,unknown,unknown,0,,
2025-03-13,1408.68,78.28,5.6,794.09,56.4,181.16,12.9,1330.4,94.4,green,unknown,unknown,unknown,1408.68,0.0,78.28,0.0,5.6,,94.4,,,,,,,unknown,unknown,unknown,unknown,0,,
2025-03-14,4611.48,100.72,2.2,1479.53,32.1,362.04,7.9,4510.76,97.8,green,unknown,unknown,unknown,4611.48,0.0,100.72,0.0,2.2,,97.8,,,,,,,unknown,unknown,unknown,unknown,0,,
2025-03-15,3114.35,16.49,0.5,1550.94,49.8,325.78,10.5,3097.86,99.5,green,unknown,unknown,unknown,3114.35,0.0,16.49,0.0,0.5,,99.5,,,,,,,unknown,unknown,unknown,unknown,0,,
2025-03-16,1802.5,69.86,3.9,989.39,54.9,281.12,15.6,1732.64,96.1,green,unknown,unknown,unknown,1802.5,0.0,69.86,0.0,3.9,,96.1,,,,,,,unknown,unknown,unknown,unknown,0,,
2025-03-18,1076.85,11.6,1.1,597.38,55.5,70.56,6.6,1065.25,98.9,green,unknown,unknown,unknown,1076.85,0.0,11.6,0.0,1.1,,98.9,,,,,,,unknown,unknown,unknown,unknown,0,,
2025-03-19,1099.56,41.49,3.8,674.97,61.4,75.6,6.9,1058.07,96.2,green,unknown,unknown,unknown,1099.56,0.0,41.49,0.0,3.8,,96.2,,,,,,,unknown,unknown,unknown,unknown,0,,
2025-03-20,1335.14,17.2,1.3,742.7,55.6,154.84,11.6,1317.94,98.7,green,unknown,unknown,unknown,1335.14,0.0,17.2,0.0,1.3,,98.7,,,,,,,unknown,unknown,unknown,unknown,0,,
2025-03-21,4099.41,73.69,1.8,1440.9,35.1,359.24,8.8,4025.72,98.2,green,unknown,unknown,unknown,4099.41,0.0,73.69,0.0,1.8,,98.2,,,,,,,unknown,unknown,unknown,unknown,0,,
2025-03-22,2897.31,16.92,0.6,1432.01,49.4,340.61,11.8,2880.39,99.4,green,unknown,unknown,unknown,2897.31,0.0,16.92,0.0,0.6,,99.4,,,,,,,unknown,unknown,unknown,unknown,0,,
2025-03-23,1247.33,8.58,0.7,1038.48,83.3,317.63,25.5,1238.75,99.3,green,unknown,unknown,unknown,1247.33,0.0,8.58,0.0,0.7,,99.3,,,,,,,unknown,unknown,unknown,unknown,0,,
2025-03-25,900.36,0.0,0.0,636.48,70.7,65.52,7.3,900.36,100.0,green,unknown,unknown,unknown,900.36,0.0,,,,,,,,,,,,unknown,unknown,unknown,unknown,0,,
2025-03-26,782.26,9.21,1.2,617.22,78.9,72.8,9.3,773.05,98.8,green,unknown,unknown,unknown,782.26,0.0,9.21,0.0,1.2,,98.8,,,,,,,unknown,unknown,unknown,unknown,0,,
2025-03-27,1608.76,17.38,1.1,534.45,33.2,63.84,4.0,1591.38,98.9,green,unknown,unknown,unknown,1608.76,0.0,17.38,0.0,1.1,,98.9,,,,,,,unknown,unknown,unknown,unknown,0,,
2025-03-28,4468.78,113.39,2.5,1474.5,33.0,354.48,7.9,4355.39,97.5,green,unknown,unknown,unknown,4468.78,0.0,113.39,0.0,2.5,,97.5,,,,,,,unknown,unknown,unknown,unknown,0,,
2025-03-29,3190.96,66.63,2.1,1557.76,48.8,356.13,11.2,3124.33,97.9,green,unknown,unknown,unknown,3190.96,0.0,66.63,0.0,2.1,,97.9,,,,,,,unknown,unknown,unknown,unknown,0,,
2025-03-30,1747.96,30.92,1.8,1024.74,58.6,270.55,15.5,1717.04,98.2,green,unknown,unknown,unknown,1747.96,0.0,30.92,0.0,1.8,,98.2,,,,,,,unknown,unknown,unknown,unknown,0,,
2025-04-01,740.66,28.02,3.8,648.93,87.6,70.56,9.5,712.64,96.2,green,unknown,unknown,unknown,740.66,0.0,28.02,0.0,3.8,,96.2,,,,,,,unknown,unknown,unknown,unknown,0,,
2025-04-02,1130.82,22.36,2.0,677.03,59.9,90.72,8.0,1108.46,98.0,green,unknown,unknown,unknown,1130.82,0.0,22.36,0.0,2.0,,98.0,,,,,,,unknown,unknown,unknown,unknown,0,,
2025-04-03,1774.78,32.11,1.8,774.35,43.6,193.48,10.9,1742.67,98.2,green,unknown,unknown,unknown,1774.78,0.0,32.11,0.0,1.8,,98.2,,,,,,,unknown,unknown,unknown,unknown,0,,
2025-04-04,3626.05,46.86,1.3,1328.91,36.6,263.48,7.3,3579.19,98.7,green,unknown,unknown,unknown,3626.05,0.0,46.86,0.0,1.3,,98.7,,,,,,,unknown,unknown,unknown,unknown,0,,
2025-04-05,3861.64,46.97,1.2,1533.96,39.7,331.89,8.6,3814.67,98.8,green,unknown,unknown,unknown,3861.64,0.0,46.97,0.0,1.2,,98.8,,,,,,,unknown,unknown,unknown,unknown,0,,
2025-04-06,2993.83,71.75,2.4,1067.88,35.7,279.83,9.3,2922.08,97.6,green,unknown,unknown,unknown,2993.83,0.0,71.75,0.0,2.4,,97.6,,,,,,,unknown,unknown,unknown,unknown,0,,
2025-04-08,1527.81,38.85,2.5,686.64,44.9,75.6,4.9,1488.96,97.5,green,unknown,unknown,unknown,1527.81,0.0,38.85,0.0,2.5,,97.5,,,,,,,unknown,unknown,unknown,unknown,0,,
2025-04-09,1152.36,45.2,3.9,562.69,48.8,0.0,0.0,1107.16,96.1,green,unknown,unknown,unknown,1152.36,0.0,45.2,0.0,3.9,,96.1,,,,,,,unknown,unknown,unknown,unknown,0,,
2025-04-10,1627.45,14.39,0.9,774.06,47.6,177.8,10.9,1613.06,99.1,green,unknown,unknown,unknown,1627.45,0.0,14.39,0.0,0.9,,99.1,,,,,,,unknown,unknown,unknown,unknown,0,,
2025-04-11,3829.86,29.34,0.8,1366.55,35.7,348.6,9.1,3800.52,99.2,green,unknown,unknown,unknown,3829.86,0.0,29.34,0.0,0.8,,99.2,,,,,,,unknown,unknown,unknown,unknown,0,,
2025-04-12,4271.88,67.78,1.6,1340.68,31.4,331.89,7.8,4204.1,98.4,green,unknown,unknown,unknown,4271.88,0.0,67.78,0.0,1.6,,98.4,,,,,,,unknown,unknown,unknown,unknown,0,,
2025-04-13,2258.9,97.62,4.3,1095.68,48.5,242.2,10.7,2161.28,95.7,green,unknown,unknown,unknown,2258.9,0.0,97.62,0.0,4.3,,95.7,,,,,,,unknown,unknown,unknown,unknown,0,,
2025-04-15,1411.41,8.3,0.6,672.08,47.6,71.4,5.1,1403.11,99.4,green,unknown,unknown,unknown,1411.41,0.0,8.3,0.0,0.6,,99.4,,,,,,,unknown,unknown,unknown,unknown,0,,
2025-04-16,1629.55,51.99,3.2,789.36,48.4,147.56,9.1,1577.56,96.8,green,unknown,unknown,unknown,1629.55,0.0,51.99,0.0,3.2,,96.8,,,,,,,unknown,unknown,unknown,unknown,0,,
2025-04-17,2930.35,42.3,1.4,1027.86,35.1,252.0,8.6,2888.05,98.6,green,unknown,unknown,unknown,2930.35,0.0,42.3,0.0,1.4,,98.6,,,,,,,unknown,unknown,unknown,unknown,0,,
2025-04-18,2032.69,15.17,0.7,1989.17,97.9,417.2,20.5,2017.52,99.3,green,unknown,unknown,unknown,2032.69,0.0,15.17,0.0,0.7,,99.3,,,,,,,unknown,unknown,unknown,unknown,0,,
2025-04-19,2124.35,13.59,0.6,1502.91,70.7,196.0,9.2,2110.76,99.4,green,unknown,unknown,unknown,2124.35,0.0,13.59,0.0,0.6,,99.4,,,,,,,unknown,unknown,unknown,unknown,0,,
2025-04-20,2690.29,97.23,3.6,1578.57,58.7,268.8,10.0,2593.06,96.4,green,unknown,unknown,unknown,2690.29,0.0,97.23,0.0,3.6,,96.4,,,,,,,unknown,unknown,unknown,unknown,0,,
2025-04-22,1216.04,5.22,0.4,571.99,47.0,80.64,6.6,1210.82,99.6,green,unknown,unknown,unknown,1216.04,0.0,5.22,0.0,0.4,,99.6,,,,,,,unknown,unknown,unknown,unknown,0,,
2025-04-23,1206.74,38.96,3.2,697.74,57.8,61.88,5.1,1167.78,96.8,green,unknown,unknown,unknown,1206.74,0.0,38.96,0.0,3.2,,96.8,,,,,,,unknown,unknown,unknown,unknown,0,,
2025-04-24,1721.73,17.32,1.0,904.32,52.5,169.12,9.8,1704.41,99.0,green,unknown,unknown,unknown,1721.73,0.0,17.32,0.0,1.0,,99.0,,,,,,,unknown,unknown,unknown,unknown,0,,
2025-04-25,4488.88,92.77,2.1,2232.37,49.7,447.44,10.0,4396.11,97.9,green,unknown,unknown,unknown,4488.88,0.0,92.77,0.0,2.1,,97.9,,,,,,,unknown,unknown,unknown,unknown,0,,
2025-04-26,2622.95,33.37,1.3,1145.08,43.7,225.07,8.6,2589.58,98.7,green,unknown,unknown,unknown,2622.95,0.0,33.37,0.0,1.3,,98.7,,,,,,,unknown,unknown,unknown,unknown,0,,
2025-04-27,1463.28,45.97,3.1,955.47,65.3,264.4,18.1,1417.31,96.9,green,unknown,unknown,unknown,1463.28,0.0,45.97,0.0,3.1,,96.9,,,,,,,unknown,unknown,unknown,unknown,0,,
2025-04-29,996.65,5.09,0.5,668.82,67.1,65.52,6.6,991.56,99.5,green,unknown,unknown,unknown,996.65,0.0,5.09,0.0,0.5,,99.5,,,,,,,unknown,unknown,unknown,unknown,0,,
2025-04-30,1016.31,14.32,1.4,656.73,64.6,85.68,8.4,1001.99,98.6,green,unknown,unknown,unknown,1016.31,0.0,14.32,0.0,1.4,,98.6,,,,,,,unknown,unknown,unknown,unknown,0,,
2025-05-01,1933.31,20.86,1.1,786.64,40.7,176.12,9.1,1912.45,98.9,green,unknown,unknown,unknown,1933.31,0.0,20.86,0.0,1.1,,98.9,,,,,,,unknown,unknown,unknown,unknown,0,,
2025-05-02,4123.31,36.99,0.9,1372.01,33.3,250.32,6.1,4086.32,99.1,green,unknown,unknown,unknown,4123.31,0.0,36.99,0.0,0.9,,99.1,,,,,,,unknown,unknown,unknown,unknown,0,,
2025-05-03,4665.56,57.99,1.2,1641.17,35.2,345.0,7.4,4607.57,98.8,green,unknown,unknown,unknown,4665.56,0.0,57.99,0.0,1.2,,98.8,,,,,,,unknown,unknown,unknown,unknown,0,,
2025-05-04,1949.95,48.23,2.5,894.84,45.9,270.76,13.9,1901.72,97.5,green,unknown,unknown,unknown,1949.95,0.0,48.23,0.0,2.5,,97.5,,,,,,,unknown,unknown,unknown,unknown,0,,
2025-05-06,1047.94,1.71,0.2,649.68,62.0,66.64,6.4,1046.23,99.8,green,unknown,unknown,unknown,1047.94,0.0,1.71,0.0,0.2,,99.8,,,,,,,unknown,unknown,unknown,unknown,0,,
2025-05-07,1077.53,3.16,0.3,663.52,61.6,90.72,8.4,1074.37,99.7,green,unknown,unknown,unknown,1077.53,0.0,3.16,0.0,0.3,,99.7,,,,,,,unknown,unknown,unknown,unknown,0,,
2025-05-08,1334.89,29.3,2.2,821.44,61.5,171.64,12.9,1305.59,97.8,green,unknown,unknown,unknown,1334.89,0.0,29.3,0.0,2.2,,97.8,,,,,,,unknown,unknown,unknown,unknown,0,,
2025-05-09,4660.48,60.78,1.3,1553.57,33.3,366.52,7.9,4599.7,98.7,green,unknown,unknown,unknown,4660.48,0.0,60.78,0.0,1.3,,98.7,,,,,,,unknown,unknown,unknown,unknown,0,,
2025-05-10,3092.37,90.22,2.9,1586.28,51.3,362.19,11.7,3002.15,97.1,green,unknown,unknown,unknown,3092.37,0.0,90.22,0.0,2.9,,97.1,,,,,,,unknown,unknown,unknown,unknown,0,,
2025-05-11,2298.54,57.45,2.5,1001.88,43.6,288.55,12.6,2241.09,97.5,green,unknown,unknown,unknown,2298.54,0.0,57.45,0.0,2.5,,97.5,,,,,,,unknown,unknown,unknown,unknown,0,,
2025-05-13,1328.46,40.23,3.0,640.36,48.2,65.52,4.9,1288.23,97.0,green,unknown,unknown,unknown,1328.46,0.0,40.23,0.0,3.0,,97.0,,,,,,,unknown,unknown,unknown,unknown,0,,
2025-05-14,1164.94,40.45,3.5,658.17,56.5,71.4,6.1,1124.49,96.5,green,unknown,unknown,unknown,1164.94,0.0,40.45,0.0,3.5,,96.5,,,,,,,unknown,unknown,unknown,unknown,0,,
2025-05-15,1305.77,8.76,0.7,800.93,61.3,147.84,11.3,1297.01,99.3,green,unknown,unknown,unknown,1305.77,0.0,8.76,0.0,0.7,,99.3,,,,,,,unknown,unknown,unknown,unknown,0,,
2025-05-16,4251.08,22.44,0.5,1334.08,31.4,281.12,6.6,4228.64,99.5,green,unknown,unknown,unknown,4251.08,0.0,22.44,0.0,0.5,,99.5,,,,,,,unknown,unknown,unknown,unknown,0,,
2025-05-17,3008.04,23.62,0.8,1554.99,51.7,345.69,11.5,2984.42,99.2,green,unknown,unknown,unknown,3008.04,0.0,23.62,0.0,0.8,,99.2,,,,,,,unknown,unknown,unknown,unknown,0,,
2025-05-18,2517.0,61.42,2.4,885.09,35.2,287.9,11.4,2455.58,97.6,green,unknown,unknown,unknown,2517.0,0.0,61.42,0.0,2.4,,97.6,,,,,,,unknown,unknown,unknown,unknown,0,,
2025-05-20,833.65,5.46,0.7,556.52,66.8,65.52,7.9,828.19,99.3,green,unknown,unknown,unknown,833.65,0.0,5.46,0.0,0.7,,99.3,,,,,,,unknown,unknown,unknown,unknown,0,,
2025-05-21,1031.35,9.88,1.0,649.89,63.0,70.56,6.8,1021.47,99.0,green,unknown,unknown,unknown,1031.35,0.0,9.88,0.0,1.0,,99.0,,,,,,,unknown,unknown,unknown,unknown,0,,
2025-05-22,1585.03,30.24,1.9,793.78,50.1,160.16,10.1,1554.79,98.1,green,unknown,unknown,unknown,1585.03,0.0,30.24,0.0,1.9,,98.1,,,,,,,unknown,unknown,unknown,unknown,0,,
2025-05-23,4375.71,103.92,2.4,1482.47,33.9,353.92,8.1,4271.79,97.6,green,unknown,unknown,unknown,4375.71,0.0,103.92,0.0,2.4,,97.6,,,,,,,unknown,unknown,unknown,unknown,0,,
2025-05-24,3867.53,44.87,1.2,1811.76,46.8,389.09,10.1,3822.66,98.8,green,unknown,unknown,unknown,3867.53,0.0,44.87,0.0,1.2,,98.8,,,,,,,unknown,unknown,unknown,unknown,0,,
2025-05-25,1889.05,23.89,1.3,976.05,51.7,271.41,14.4,1865.16,98.7,green,unknown,unknown,unknown,1889.05,0.0,23.89,0.0,1.3,,98.7,,,,,,,unknown,unknown,unknown,unknown,0,,
2025-05-27,937.27,12.81,1.4,543.95,58.0,61.88,6.6,924.46,98.6,green,unknown,unknown,unknown,937.27,0.0,12.81,0.0,1.4,,98.6,,,,,,,unknown,unknown,unknown,unknown,0,,
2025-05-28,2313.82,67.93,2.9,811.88,35.1,218.12,9.4,2245.89,97.1,green,unknown,unknown,unknown,2313.82,0.0,67.93,0.0,2.9,,97.1,,,,,,,unknown,unknown,unknown,unknown,0,,
2025-05-29,1434.77,30.58,2.1,776.61,54.1,168.84,11.8,1404.19,97.9,green,unknown,unknown,unknown,1434.77,0.0,30.58,0.0,2.1,,97.9,,,,,,,unknown,unknown,unknown,unknown,0,,
2025-05-30,4137.28,83.56,2.0,1346.32,32.5,234.08,5.7,4053.72,98.0,green,unknown,unknown,unknown,4137.28,0.0,83.56,0.0,2.0,,98.0,,,,,,,unknown,unknown,unknown,unknown,0,,
2025-05-31,3413.0,31.1,0.9,1706.59,50.0,339.98,10.0,3381.9,99.1,green,unknown,unknown,unknown,3413.0,0.0,31.1,0.0,0.9,,99.1,,,,,,,unknown,unknown,unknown,unknown,0,,
2025-06-01,1739.4,8.85,0.5,900.85,51.8,209.23,12.0,1730.55,99.5,green,unknown,unknown,unknown,1739.4,0.0,8.85,0.0,0.5,,99.5,,,,,,,unknown,unknown,unknown,unknown,0,,
2025-06-03,1040.17,6.18,0.6,626.67,60.2,57.12,5.5,1033.99,99.4,green,unknown,unknown,unknown,1040.17,0.0,6.18,0.0,0.6,,99.4,,,,,,,unknown,unknown,unknown,unknown,0,,
2025-06-04,1442.44,19.58,1.4,730.81,50.7,80.64,5.6,1422.86,98.6,green,unknown,unknown,unknown,1442.44,0.0,19.58,0.0,1.4,,98.6,,,,,,,unknown,unknown,unknown,unknown,0,,
2025-06-05,1667.1,44.34,2.7,903.11,54.2,182.84,11.0,1622.76,97.3,green,unknown,unknown,unknown,1667.1,0.0,44.34,0.0,2.7,,97.3,,,,,,,unknown,unknown,unknown,unknown,0,,
2025-06-06,4648.76,27.86,0.6,1394.47,30.0,294.0,6.3,4620.9,99.4,green,unknown,unknown,unknown,4648.76,0.0,27.86,0.0,0.6,,99.4,,,,,,,unknown,unknown,unknown,unknown,0,,
2025-06-07,3185.95,97.86,3.1,1586.67,49.8,339.64,10.7,3088.09,96.9,green,unknown,unknown,unknown,3185.95,0.0,97.86,0.0,3.1,,96.9,,,,,,,unknown,unknown,unknown,unknown,0,,
2025-06-08,3139.77,98.59,3.1,886.72,28.2,300.33,9.6,3041.18,96.9,green,unknown,unknown,unknown,3139.77,0.0,98.59,0.0,3.1,,96.9,,,,,,,unknown,unknown,unknown,unknown,0,,
2025-06-10,1222.27,15.43,1.3,687.47,56.2,65.52,5.4,1206.84,98.7,green,unknown,unknown,unknown,1222.27,0.0,15.43,0.0,1.3,,98.7,,,,,,,unknown,unknown,unknown,unknown,0,,
2025-06-11,808.78,2.2,0.3,734.43,90.8,75.6,9.3,806.58,99.7,green,unknown,unknown,unknown,808.78,0.0,2.2,0.0,0.3,,99.7,,,,,,,unknown,unknown,unknown,unknown,0,,
2025-06-12,1667.67,15.49,0.9,853.65,51.2,185.86,11.1,1652.18,99.1,green,unknown,unknown,unknown,1667.67,0.0,15.49,0.0,0.9,,99.1,,,,,,,unknown,unknown,unknown,unknown,0,,
2025-06-13,4328.6,66.15,1.5,1552.37,35.9,368.09,8.5,4262.45,98.5,green,unknown,unknown,unknown,4328.6,0.0,66.15,0.0,1.5,,98.5,,,,,,,unknown,unknown,unknown,unknown,0,,
2025-06-14,4090.8,79.5,1.9,1662.48,40.6,339.98,8.3,4011.3,98.1,green,unknown,unknown,unknown,4090.8,0.0,79.5,0.0,1.9,,98.1,,,,,,,unknown,unknown,unknown,unknown,0,,
2025-06-15,2548.2,51.39,2.0,1050.28,41.2,299.32,11.7,2496.81,98.0,green,unknown,unknown,unknown,2548.2,0.0,51.39,0.0,2.0,,98.0,,,,,,,unknown,unknown,unknown,unknown,0,,
2025-06-17,1350.01,12.41,0.9,639.43,47.4,80.64,6.0,1337.6,99.1,green,unknown,unknown,unknown,1350.01,0.0,12.41,0.0,0.9,,99.1,,,,,,,unknown,unknown,unknown,unknown,0,,
2025-06-18,3210.46,92.76,2.9,1029.69,32.1,184.42,5.7,3117.7,97.1,green,unknown,unknown,unknown,3210.46,0.0,92.76,0.0,2.9,,97.1,,,,,,,unknown,unknown,unknown,unknown,0,,
2025-06-19,1806.69,17.34,1.0,888.29,49.2,166.88,9.2,1789.35,99.0,green,unknown,unknown,unknown,1806.69,0.0,17.34,0.0,1.0,,99.0,,,,,,,unknown,unknown,unknown,unknown,0,,
2025-06-20,3814.93,46.36,1.2,1368.67,35.9,309.06,8.1,3768.57,98.8,green,unknown,unknown,unknown,3814.93,0.0,46.36,0.0,1.2,,98.8,,,,,,,unknown,unknown,unknown,unknown,0,,
2025-06-21,3720.34,98.43,2.6,978.32,26.3,297.77,8.0,3621.91,97.4,green,unknown,unknown,unknown,3720.34,0.0,98.43,0.0,2.6,,97.4,,,,,,,unknown,unknown,unknown,unknown,0,,
2025-06-22,1703.86,23.82,1.4,1021.24,59.9,264.4,15.5,1680.04,98.6,green,unknown,unknown,unknown,1703.86,0.0,23.82,0.0,1.4,,98.6,,,,,,,unknown,unknown,unknown,unknown,0,,
2025-06-23,37.04,0.0,0.0,,,,,37.04,100.0,green,unknown,unknown,unknown,37.04,0.0,,,,,,,,,,,,unknown,unknown,unknown,unknown,0,,
2025-06-24,839.48,13.18,1.6,659.51,78.6,55.44,6.6,826.3,98.4,green,unknown,unknown,unknown,839.48,0.0,13.18,0.0,1.6,,98.4,,,,,,,unknown,unknown,unknown,unknown,0,,
2025-06-25,666.8,3.33,0.5,736.24,110.4,75.6,11.3,663.47,99.5,green,unknown,unknown,unknown,666.8,0.0,3.33,0.0,0.5,,99.5,,,,,,,unknown,unknown,unknown,unknown,0,,
2025-06-26,1227.63,18.58,1.5,710.48,57.9,152.91,12.5,1209.05,98.5,green,unknown,unknown,unknown,1227.63,0.0,18.58,0.0,1.5,,98.5,,,,,,,unknown,unknown,unknown,unknown,0,,
2025-06-27,4875.36,118.4,2.4,1467.6,30.1,340.66,7.0,4756.96,97.6,green,unknown,unknown,unknown,4875.36,0.0,118.4,0.0,2.4,,97.6,,,,,,,unknown,unknown,unknown,unknown,0,,
2025-06-28,4139.27,105.8,2.6,1648.43,39.8,285.8,6.9,4033.47,97.4,green,unknown,unknown,unknown,4139.27,0.0,105.8,0.0,2.6,,97.4,,,,,,,unknown,unknown,unknown,unknown,0,,
2025-06-29,1639.27,29.22,1.8,781.87,47.7,217.73,13.3,1610.05,98.2,green,unknown,unknown,unknown,1639.27,0.0,29.22,0.0,1.8,,98.2,,,,,,,unknown,unknown,unknown,unknown,0,,
2025-07-01,898.14,8.01,0.9,569.57,63.4,55.44,6.2,890.13,99.1,green,unknown,unknown,unknown,898.14,0.0,8.01,0.0,0.9,,99.1,,,,,,,unknown,unknown,unknown,unknown,0,,
2025-07-02,707.85,27.08,3.8,681.62,96.3,80.64,11.4,680.77,96.2,green,unknown,unknown,unknown,707.85,0.0,27.08,0.0,3.8,,96.2,,,,,,,unknown,unknown,unknown,unknown,0,,
2025-07-03,1415.6,45.66,3.2,840.64,59.4,172.66,12.2,1369.94,96.8,green,unknown,unknown,unknown,1415.6,0.0,45.66,0.0,3.2,,96.8,,,,,,,unknown,unknown,unknown,unknown,0,,
2025-07-04,3928.23,21.33,0.5,1267.92,32.3,221.2,5.6,3906.9,99.5,green,unknown,unknown,unknown,3928.23,0.0,21.33,0.0,0.5,,99.5,,,,,,,unknown,unknown,unknown,unknown,0,,
2025-07-05,3440.44,32.23,0.9,1644.31,47.8,321.06,9.3,3408.21,99.1,green,unknown,unknown,unknown,3440.44,0.0,32.23,0.0,0.9,,99.1,,,,,,,unknown,unknown,unknown,unknown,0,,
2025-07-06,1804.73,53.88,3.0,1049.4,58.1,252.31,14.0,1750.85,97.0,green,unknown,unknown,unknown,1804.73,0.0,53.88,0.0,3.0,,97.0,,,,,,,unknown,unknown,unknown,unknown,0,,
2025-07-08,1018.39,15.45,1.5,641.05,62.9,60.48,5.9,1002.94,98.5,green,unknown,unknown,unknown,1018.39,0.0,15.45,0.0,1.5,,98.5,,,,,,,unknown,unknown,unknown,unknown,0,,
2025-07-09,1560.62,132.19,8.5,772.31,49.5,169.68,10.9,1428.43,91.5,green,unknown,unknown,unknown,1560.62,0.0,132.19,0.0,8.5,,91.5,,,,,,,unknown,unknown,unknown,unknown,0,,
2025-07-10,867.08,14.11,1.6,653.89,75.4,66.9,7.7,852.97,98.4,green,unknown,unknown,unknown,867.08,0.0,14.11,0.0,1.6,,98.4,,,,,,,unknown,unknown,unknown,unknown,0,,
2025-07-11,3430.84,42.04,1.2,1282.35,37.4,284.96,8.3,3388.8,98.8,green,unknown,unknown,unknown,3430.84,0.0,42.04,0.0,1.2,,98.8,,,,,,,unknown,unknown,unknown,unknown,0,,
2025-07-12,2968.08,103.26,3.5,1396.43,47.0,272.07,9.2,2864.82,96.5,green,unknown,unknown,unknown,2968.08,0.0,103.26,0.0,3.5,,96.5,,,,,,,unknown,unknown,unknown,unknown,0,,
2025-07-13,1122.15,16.11,1.4,814.51,72.6,181.05,16.1,1106.04,98.6,green,unknown,unknown,unknown,1122.15,0.0,16.11,0.0,1.4,,98.6,,,,,,,unknown,unknown,unknown,unknown,0,,
2025-07-15,1127.14,5.1,0.5,696.22,61.8,70.56,6.3,1122.04,99.5,green,unknown,unknown,unknown,1127.14,0.0,5.1,0.0,0.5,,99.5,,,,,,,unknown,unknown,unknown,unknown,0,,
2025-07-16,1675.67,162.81,9.7,745.82,44.5,70.56,4.2,1512.86,90.3,green,unknown,unknown,unknown,1675.67,0.0,162.81,0.0,9.7,,90.3,,,,,,,unknown,unknown,unknown,unknown,0,,
2025-07-17,1123.25,10.3,0.9,689.04,61.3,72.47,6.5,1112.95,99.1,green,unknown,unknown,unknown,1123.25,0.0,10.3,0.0,0.9,,99.1,,,,,,,unknown,unknown,unknown,unknown,0,,
2025-07-18,3438.86,19.85,0.6,1065.92,31.0,332.96,9.7,3419.01,99.4,green,unknown,unknown,unknown,3438.86,0.0,19.85,0.0,0.6,,99.4,,,,,,,unknown,unknown,unknown,unknown,0,,
2025-07-19,3046.02,27.06,0.9,1412.28,46.4,292.14,9.6,3018.96,99.1,green,unknown,unknown,unknown,3046.02,0.0,27.06,0.0,0.9,,99.1,,,,,,,unknown,unknown,unknown,unknown,0,,
2025-07-20,1616.81,16.45,1.0,950.77,58.8,192.88,11.9,1600.36,99.0,green,unknown,unknown,unknown,1616.81,0.0,16.45,0.0,1.0,,99.0,,,,,,,unknown,unknown,unknown,unknown,0,,
2025-07-22,844.01,6.12,0.7,575.96,68.2,78.05,9.2,837.89,99.3,green,unknown,unknown,unknown,844.01,0.0,6.12,0.0,0.7,,99.3,,,,,,,unknown,unknown,unknown,unknown,0,,
2025-07-23,1082.42,32.64,3.0,645.64,59.6,65.52,6.1,1049.78,97.0,green,unknown,unknown,unknown,1082.42,0.0,32.64,0.0,3.0,,97.0,,,,,,,unknown,unknown,unknown,unknown,0,,
2025-07-24,1262.12,4.19,0.3,690.74,54.7,66.9,5.3,1257.93,99.7,green,unknown,unknown,unknown,1262.12,0.0,4.19,0.0,0.3,,99.7,,,,,,,unknown,unknown,unknown,unknown,0,,
2025-07-25,4786.85,64.27,1.3,1327.49,27.7,282.45,5.9,4722.58,98.7,green,unknown,unknown,unknown,4786.85,0.0,64.27,0.0,1.3,,98.7,,,,,,,unknown,unknown,unknown,unknown,0,,
2025-07-26,3057.02,28.59,0.9,1460.24,47.8,284.84,9.3,3028.43,99.1,green,unknown,unknown,unknown,3057.02,0.0,28.59,0.0,0.9,,99.1,,,,,,,unknown,unknown,unknown,unknown,0,,
2025-07-27,1925.58,5.67,0.3,1105.23,57.4,255.33,13.3,1919.91,99.7,green,unknown,unknown,unknown,1925.58,0.0,5.67,0.0,0.3,,99.7,,,,,,,unknown,unknown,unknown,unknown,0,,
2025-07-29,969.39,17.3,1.8,687.12,70.9,65.52,6.8,952.09,98.2,green,unknown,unknown,unknown,969.39,0.0,17.3,0.0,1.8,,98.2,,,,,,,unknown,unknown,unknown,unknown,0,,
2025-07-30,898.68,1.62,0.2,687.14,76.5,75.6,8.4,897.06,99.8,green,unknown,unknown,unknown,898.68,0.0,1.62,0.0,0.2,,99.8,,,,,,,unknown,unknown,unknown,unknown,0,,
2025-07-31,1371.14,14.5,1.1,745.19,54.3,83.62,6.1,1356.64,98.9,green,unknown,unknown,unknown,1371.14,0.0,14.5,0.0,1.1,,98.9,,,,,,,unknown,unknown,unknown,unknown,0,,
2025-08-01,2961.72,25.24,0.9,1243.86,42.0,179.2,6.1,2936.48,99.1,green,unknown,unknown,unknown,2961.72,0.0,25.24,0.0,0.9,,99.1,,,,,,,unknown,unknown,unknown,unknown,0,,
2025-08-02,3207.25,17.11,0.5,1373.04,42.8,253.56,7.9,3190.14,99.5,green,unknown,unknown,unknown,3207.25,0.0,17.11,0.0,0.5,,99.5,,,,,,,unknown,unknown,unknown,unknown,0,,
2025-08-03,1447.71,85.65,5.9,932.31,64.4,235.79,16.3,1362.06,94.1,green,unknown,unknown,unknown,1447.71,0.0,85.65,0.0,5.9,,94.1,,,,,,,unknown,unknown,unknown,unknown,0,,
2025-08-05,952.34,32.13,3.4,637.24,66.9,65.52,6.9,920.21,96.6,green,unknown,unknown,unknown,952.34,0.0,32.13,0.0,3.4,,96.6,,,,,,,unknown,unknown,unknown,unknown,0,,
2025-08-06,677.15,5.53,0.8,644.19,95.1,60.48,8.9,671.62,99.2,green,unknown,unknown,unknown,677.15,0.0,5.53,0.0,0.8,,99.2,,,,,,,unknown,unknown,unknown,unknown,0,,
2025-08-07,1353.74,6.83,0.5,690.29,51.0,66.9,4.9,1346.91,99.5,green,unknown,unknown,unknown,1353.74,0.0,6.83,0.0,0.5,,99.5,,,,,,,unknown,unknown,unknown,unknown,0,,
2025-08-08,4521.87,73.39,1.6,1262.17,27.9,201.6,4.5,4448.48,98.4,green,unknown,unknown,unknown,4521.87,0.0,73.39,0.0,1.6,,98.4,,,,,,,unknown,unknown,unknown,unknown,0,,
2025-08-09,3108.31,76.12,2.4,1387.15,44.6,227.78,7.3,3032.19,97.6,green,unknown,unknown,unknown,3108.31,0.0,76.12,0.0,2.4,,97.6,,,,,,,unknown,unknown,unknown,unknown,0,,
2025-08-10,1855.46,25.19,1.4,965.3,52.0,221.79,12.0,1830.27,98.6,green,unknown,unknown,unknown,1855.46,0.0,25.19,0.0,1.4,,98.6,,,,,,,unknown,unknown,unknown,unknown,0,,
2025-08-12,969.93,31.3,3.2,708.79,73.1,103.92,10.7,938.63,96.8,green,unknown,unknown,unknown,969.93,0.0,31.3,0.0,3.2,,96.8,,,,,,,unknown,unknown,unknown,unknown,0,,
2025-08-13,808.99,11.91,1.5,547.74,67.7,65.52,8.1,797.08,98.5,green,unknown,unknown,unknown,808.99,0.0,11.91,0.0,1.5,,98.5,,,,,,,unknown,unknown,unknown,unknown,0,,
2025-08-14,998.36,7.4,0.7,591.54,59.3,66.9,6.7,990.96,99.3,green,unknown,unknown,unknown,998.36,0.0,7.4,0.0,0.7,,99.3,,,,,,,unknown,unknown,unknown,unknown,0,,
2025-08-15,4079.01,49.28,1.2,1575.6,38.6,273.11,6.7,4029.73,98.8,green,unknown,unknown,unknown,4079.01,0.0,49.28,0.0,1.2,,98.8,,,,,,,unknown,unknown,unknown,unknown,0,,
2025-08-16,3377.02,32.49,1.0,1141.82,33.8,245.32,7.3,3344.53,99.0,green,unknown,unknown,unknown,3377.02,0.0,32.49,0.0,1.0,,99.0,,,,,,,unknown,unknown,unknown,unknown,0,,
2025-08-17,1858.41,54.56,2.9,970.55,52.2,216.7,11.7,1803.85,97.1,green,unknown,unknown,unknown,1858.41,0.0,54.56,0.0,2.9,,97.1,,,,,,,unknown,unknown,unknown,unknown,0,,
2025-08-19,975.13,6.77,0.7,647.29,66.4,84.0,8.6,968.36,99.3,green,unknown,unknown,unknown,975.13,0.0,6.77,0.0,0.7,,99.3,,,,,,,unknown,unknown,unknown,unknown,0,,
2025-08-20,1452.5,55.44,3.8,735.68,50.6,75.6,5.2,1397.06,96.2,green,unknown,unknown,unknown,1452.5,0.0,55.44,0.0,3.8,,96.2,,,,,,,unknown,unknown,unknown,unknown,0,,
2025-08-21,1568.8,29.31,1.9,701.67,44.7,83.62,5.3,1539.49,98.1,green,unknown,unknown,unknown,1568.8,0.0,29.31,0.0,1.9,,98.1,,,,,,,unknown,unknown,unknown,unknown,0,,
2025-08-22,5445.95,121.88,2.2,1215.0,22.3,300.2,5.5,5324.07,97.8,green,unknown,unknown,unknown,5445.95,0.0,121.88,0.0,2.2,,97.8,,,,,,,unknown,unknown,unknown,unknown,0,,
2025-08-23,3852.48,166.38,4.3,1475.24,38.3,312.7,8.1,3686.1,95.7,green,unknown,unknown,unknown,3852.48,0.0,166.38,0.0,4.3,,95.7,,,,,,,unknown,unknown,unknown,unknown,0,,
2025-08-24,2165.85,16.74,0.8,957.67,44.2,181.55,8.4,2149.11,99.2,green,unknown,unknown,unknown,2165.85,0.0,16.74,0.0,0.8,,99.2,,,,,,,unknown,unknown,unknown,unknown,0,,
2025-08-26,1079.33,21.46,2.0,697.45,64.6,89.2,8.3,1057.87,98.0,green,unknown,unknown,unknown,1079.33,0.0,21.46,0.0,2.0,,98.0,,,,,,,unknown,unknown,unknown,unknown,0,,
2025-08-27,1130.24,14.11,1.2,701.92,62.1,78.05,6.9,1116.13,98.8,green,unknown,unknown,unknown,1130.24,0.0,14.11,0.0,1.2,,98.8,,,,,,,unknown,unknown,unknown,unknown,0,,
2025-08-28,1903.85,10.37,0.5,737.93,38.8,78.05,4.1,1893.48,99.5,green,unknown,unknown,unknown,1903.85,0.0,10.37,0.0,0.5,,99.5,,,,,,,unknown,unknown,unknown,unknown,0,,
2025-08-29,3776.26,146.62,3.9,1311.68,34.7,156.47,4.1,3629.64,96.1,green,unknown,unknown,unknown,3776.26,0.0,146.62,0.0,3.9,,96.1,,,,,,,unknown,unknown,unknown,unknown,0,,
2025-08-30,3862.3,32.11,0.8,1268.64,32.8,114.24,3.0,3830.19,99.2,green,unknown,unknown,unknown,3862.3,0.0,32.11,0.0,0.8,,99.2,,,,,,,unknown,unknown,unknown,unknown,0,,
2025-08-31,2217.53,56.32,2.5,1058.01,47.7,229.1,10.3,2161.21,97.5,green,unknown,unknown,unknown,2217.53,0.0,56.32,0.0,2.5,,97.5,,,,,,,unknown,unknown,unknown,unknown,0,,
2025-09-02,1524.15,21.12,1.4,581.21,38.1,78.05,5.1,1503.03,98.6,green,unknown,unknown,unknown,1524.15,0.0,21.12,0.0,1.4,,98.6,,,,,,,unknown,unknown,unknown,unknown,0,,
2025-09-03,1323.45,40.23,3.0,745.82,56.4,89.2,6.7,1283.22,97.0,green,unknown,unknown,unknown,1323.45,0.0,40.23,0.0,3.0,,97.0,,,,,,,unknown,unknown,unknown,unknown,0,,
2025-09-04,1864.85,37.54,2.0,641.56,34.4,83.62,4.5,1827.31,98.0,green,unknown,unknown,unknown,1864.85,0.0,37.54,0.0,2.0,,98.0,,,,,,,unknown,unknown,unknown,unknown,0,,
2025-09-05,3977.79,25.64,0.6,1237.0,31.1,228.92,5.8,3952.15,99.4,green,unknown,unknown,unknown,3977.79,0.0,25.64,0.0,0.6,,99.4,,,,,,,unknown,unknown,unknown,unknown,0,,
2025-09-06,3993.45,170.41,4.3,1427.96,35.8,277.17,6.9,3823.04,95.7,green,unknown,unknown,unknown,3993.45,0.0,170.41,0.0,4.3,,95.7,,,,,,,unknown,unknown,unknown,unknown,0,,
2025-09-07,1977.86,40.43,2.0,949.26,48.0,227.11,11.5,1937.43,98.0,green,unknown,unknown,unknown,1977.86,0.0,40.43,0.0,2.0,,98.0,,,,,,,unknown,unknown,unknown,unknown,0,,
2025-09-09,1103.35,31.45,2.9,710.19,64.4,75.6,6.9,1071.9,97.1,green,unknown,unknown,unknown,1103.35,0.0,31.45,0.0,2.9,,97.1,,,,,,,unknown,unknown,unknown,unknown,0,,
2025-09-10,708.11,17.45,2.5,618.58,87.4,66.9,9.4,690.66,97.5,green,unknown,unknown,unknown,708.11,0.0,17.45,0.0,2.5,,97.5,,,,,,,unknown,unknown,unknown,unknown,0,,
2025-09-11,1604.5,36.72,2.3,712.63,44.4,78.05,4.9,1567.78,97.7,green,unknown,unknown,unknown,1604.5,0.0,36.72,0.0,2.3,,97.7,,,,,,,unknown,unknown,unknown,unknown,0,,
2025-09-12,4240.0,115.45,2.7,1428.41,33.7,228.94,5.4,4124.55,97.3,green,unknown,unknown,unknown,4240.0,0.0,115.45,0.0,2.7,,97.3,,,,,,,unknown,unknown,unknown,unknown,0,,
2025-09-13,3933.79,59.77,1.5,1631.51,41.5,266.42,6.8,3874.02,98.5,green,unknown,unknown,unknown,3933.79,0.0,59.77,0.0,1.5,,98.5,,,,,,,unknown,unknown,unknown,unknown,0,,
2025-09-14,2234.61,20.64,0.9,1110.74,49.7,210.43,9.4,2213.97,99.1,green,unknown,unknown,unknown,2234.61,0.0,20.64,0.0,0.9,,99.1,,,,,,,unknown,unknown,unknown,unknown,0,,
2025-09-16,814.12,37.63,4.6,696.44,85.5,70.56,8.7,776.49,95.4,green,unknown,unknown,unknown,814.12,0.0,37.63,0.0,4.6,,95.4,,,,,,,unknown,unknown,unknown,unknown,0,,
2025-09-17,1126.47,18.11,1.6,684.13,60.7,78.05,6.9,1108.36,98.4,green,unknown,unknown,unknown,1126.47,0.0,18.11,0.0,1.6,,98.4,,,,,,,unknown,unknown,unknown,unknown,0,,
2025-09-18,1742.02,12.58,0.7,695.01,39.9,72.47,4.2,1729.44,99.3,green,unknown,unknown,unknown,1742.02,0.0,12.58,0.0,0.7,,99.3,,,,,,,unknown,unknown,unknown,unknown,0,,
2025-09-19,4550.97,83.83,1.8,891.79,19.6,149.68,3.3,4467.14,98.2,green,unknown,unknown,unknown,4550.97,0.0,83.83,0.0,1.8,,98.2,,,,,,,unknown,unknown,unknown,unknown,0,,
2025-09-20,3701.33,127.91,3.5,1573.87,42.5,194.52,5.3,3573.42,96.5,green,unknown,unknown,unknown,3701.33,0.0,127.91,0.0,3.5,,96.5,,,,,,,unknown,unknown,unknown,unknown,0,,
2025-09-21,2037.8,69.18,3.4,916.29,45.0,196.96,9.7,1968.62,96.6,green,unknown,unknown,unknown,2037.8,0.0,69.18,0.0,3.4,,96.6,,,,,,,unknown,unknown,unknown,unknown,0,,
2025-09-23,1117.48,19.13,1.7,633.19,56.7,78.4,7.0,1098.35,98.3,green,unknown,unknown,unknown,1117.48,0.0,19.13,0.0,1.7,,98.3,,,,,,,unknown,unknown,unknown,unknown,0,,
2025-09-24,1319.62,4.9,0.4,680.41,51.6,78.05,5.9,1314.72,99.6,green,unknown,unknown,unknown,1319.62,0.0,4.9,0.0,0.4,,99.6,,,,,,,unknown,unknown,unknown,unknown,0,,
2025-09-25,1551.54,17.66,1.1,636.79,41.0,78.05,5.0,1533.88,98.9,green,unknown,unknown,unknown,1551.54,0.0,17.66,0.0,1.1,,98.9,,,,,,,unknown,unknown,unknown,unknown,0,,
2025-09-26,3812.49,105.15,2.8,1075.27,28.2,156.42,4.1,3707.34,97.2,green,unknown,unknown,unknown,3812.49,0.0,105.15,0.0,2.8,,97.2,,,,,,,unknown,unknown,unknown,unknown,0,,
2025-09-27,3138.53,37.27,1.2,1351.93,43.1,180.62,5.8,3101.26,98.8,green,unknown,unknown,unknown,3138.53,0.0,37.27,0.0,1.2,,98.8,,,,,,,unknown,unknown,unknown,unknown,0,,
2025-09-28,2382.75,64.7,2.7,988.12,41.5,227.78,9.6,2318.05,97.3,green,unknown,unknown,unknown,2382.75,0.0,64.7,0.0,2.7,,97.3,,,,,,,unknown,unknown,unknown,unknown,0,,
2025-09-30,1618.33,27.31,1.7,671.52,41.5,92.4,5.7,1591.02,98.3,green,unknown,unknown,unknown,1618.33,0.0,27.31,0.0,1.7,,98.3,,,,,,,unknown,unknown,unknown,unknown,0,,
2025-10-01,1772.77,18.05,1.0,573.29,32.3,92.4,5.2,1754.72,99.0,green,unknown,unknown,unknown,1772.77,0.0,18.05,0.0,1.0,,99.0,,,,,,,unknown,unknown,unknown,unknown,0,,
2025-10-02,1368.12,11.92,0.9,661.68,48.4,83.62,6.1,1356.2,99.1,green,unknown,unknown,unknown,1368.12,0.0,11.92,0.0,0.9,,99.1,,,,,,,unknown,unknown,unknown,unknown,0,,
2025-10-03,3764.67,40.01,1.1,1144.59,30.4,232.36,6.2,3724.66,98.9,green,unknown,unknown,unknown,3764.67,0.0,40.01,0.0,1.1,,98.9,,,,,,,unknown,unknown,unknown,unknown,0,,
2025-10-04,2798.34,79.1,2.8,1392.89,49.8,260.9,9.3,2719.24,97.2,green,unknown,unknown,unknown,2798.34,0.0,79.1,0.0,2.8,,97.2,,,,,,,unknown,unknown,unknown,unknown,0,,
2025-10-05,3167.75,63.46,2.0,1344.51,42.4,294.35,9.3,3104.29,98.0,green,unknown,unknown,unknown,3167.75,0.0,63.46,0.0,2.0,,98.0,,,,,,,unknown,unknown,unknown,unknown,0,,
2025-10-07,1288.15,7.38,0.6,734.17,57.0,83.62,6.5,1280.77,99.4,green,unknown,unknown,unknown,1288.15,0.0,7.38,0.0,0.6,,99.4,,,,,,,unknown,unknown,unknown,unknown,0,,
2025-10-08,811.58,36.63,4.5,646.34,79.6,86.24,10.6,774.95,95.5,green,unknown,unknown,unknown,811.58,0.0,36.63,0.0,4.5,,95.5,,,,,,,unknown,unknown,unknown,unknown,0,,
2025-10-09,1493.74,12.16,0.8,735.12,49.2,78.05,5.2,1481.58,99.2,green,unknown,unknown,unknown,1493.74,0.0,12.16,0.0,0.8,,99.2,,,,,,,unknown,unknown,unknown,unknown,0,,
2025-10-10,3580.6,22.52,0.6,1235.32,34.5,239.73,6.7,3558.08,99.4,green,unknown,unknown,unknown,3580.6,0.0,22.52,0.0,0.6,,99.4,,,,,,,unknown,unknown,unknown,unknown,0,,
2025-10-11,3554.89,31.66,0.9,1721.03,48.4,293.61,8.3,3523.23,99.1,green,unknown,unknown,unknown,3554.89,0.0,31.66,0.0,0.9,,99.1,,,,,,,unknown,unknown,unknown,unknown,0,,
2025-10-12,2326.81,30.75,1.3,1153.14,49.6,247.52,10.6,2296.06,98.7,green,unknown,unknown,unknown,2326.81,0.0,30.75,0.0,1.3,,98.7,,,,,,,unknown,unknown,unknown,unknown,0,,
2025-10-14,885.64,4.4,0.5,709.0,80.1,78.05,8.8,881.24,99.5,green,unknown,unknown,unknown,885.64,0.0,4.4,0.0,0.5,,99.5,,,,,,,unknown,unknown,unknown,unknown,0,,
2025-10-15,919.61,0.0,0.0,679.27,73.9,0.0,0.0,919.61,100.0,green,unknown,unknown,unknown,919.61,0.0,,,,,,,,,,,,unknown,unknown,unknown,unknown,0,,
2025-10-16,1516.89,20.32,1.3,532.03,35.1,83.62,5.5,1496.57,98.7,green,unknown,unknown,unknown,1516.89,0.0,20.32,0.0,1.3,,98.7,,,,,,,unknown,unknown,unknown,unknown,0,,
2025-10-17,4312.46,87.5,2.0,1441.66,33.4,289.7,6.7,4224.96,98.0,green,unknown,unknown,unknown,4312.46,0.0,87.5,0.0,2.0,,98.0,,,,,,,unknown,unknown,unknown,unknown,0,,
2025-10-18,3967.25,41.6,1.0,1633.32,41.2,318.26,8.0,3925.65,99.0,green,unknown,unknown,unknown,3967.25,0.0,41.6,0.0,1.0,,99.0,,,,,,,unknown,unknown,unknown,unknown,0,,
2025-10-19,2374.03,78.74,3.3,1140.3,48.0,242.48,10.2,2295.29,96.7,green,unknown,unknown,unknown,2374.03,0.0,78.74,0.0,3.3,,96.7,,,,,,,unknown,unknown,unknown,unknown,0,,
2025-10-21,849.95,19.83,2.3,742.35,87.3,61.88,7.3,830.12,97.7,green,unknown,unknown,unknown,849.95,0.0,19.83,0.0,2.3,,97.7,,,,,,,unknown,unknown,unknown,unknown,0,,
2025-10-22,1656.74,38.93,2.3,730.05,44.1,78.05,4.7,1617.81,97.7,green,unknown,unknown,unknown,1656.74,0.0,38.93,0.0,2.3,,97.7,,,,,,,unknown,unknown,unknown,unknown,0,,
2025-10-23,1787.64,16.71,0.9,755.83,42.3,83.62,4.7,1770.93,99.1,green,unknown,unknown,unknown,1787.64,0.0,16.71,0.0,0.9,,99.1,,,,,,,unknown,unknown,unknown,unknown,0,,
2025-10-24,4372.08,69.21,1.6,1255.63,28.7,195.12,4.5,4302.87,98.4,green,unknown,unknown,unknown,4372.08,0.0,69.21,0.0,1.6,,98.4,,,,,,,unknown,unknown,unknown,unknown,0,,
2025-10-25,3596.18,83.26,2.3,1456.12,40.5,194.0,5.4,3512.92,97.7,green,unknown,unknown,unknown,3596.18,0.0,83.26,0.0,2.3,,97.7,,,,,,,unknown,unknown,unknown,unknown,0,,
2025-10-26,2195.25,17.96,0.8,830.65,37.8,215.72,9.8,2177.29,99.2,green,unknown,unknown,unknown,2195.25,0.0,17.96,0.0,0.8,,99.2,,,,,,,unknown,unknown,unknown,unknown,0,,
2025-10-28,1232.35,17.57,1.4,565.52,45.9,0.0,0.0,1214.78,98.6,green,unknown,unknown,unknown,1232.35,0.0,17.57,0.0,1.4,,98.6,,,,,,,unknown,unknown,unknown,unknown,0,,
2025-10-29,1086.25,9.03,0.8,692.92,63.8,61.88,5.7,1077.22,99.2,green,unknown,unknown,unknown,1086.25,0.0,9.03,0.0,0.8,,99.2,,,,,,,unknown,unknown,unknown,unknown,0,,
2025-10-30,1833.24,9.99,0.5,650.98,35.5,78.05,4.3,1823.25,99.5,green,unknown,unknown,unknown,1833.24,0.0,9.99,0.0,0.5,,99.5,,,,,,,unknown,unknown,unknown,unknown,0,,
2025-10-31,5200.41,112.41,2.2,1499.05,28.8,248.39,4.8,5088.0,97.8,green,unknown,unknown,unknown,5200.41,0.0,112.41,0.0,2.2,,97.8,,,,,,,unknown,unknown,unknown,unknown,0,,
2025-11-01,3589.81,47.88,1.3,1251.98,34.9,74.26,2.1,3541.93,98.7,green,unknown,unknown,unknown,3589.81,0.0,47.88,0.0,1.3,,98.7,,,,,,,unknown,unknown,unknown,unknown,0,,
2025-11-02,2369.24,75.41,3.2,1030.47,43.5,226.8,9.6,2293.83,96.8,green,unknown,unknown,unknown,2369.24,0.0,75.41,0.0,3.2,,96.8,,,,,,,unknown,unknown,unknown,unknown,0,,
2025-11-04,1045.32,24.53,2.3,788.3,75.4,112.05,10.7,1020.79,97.7,green,unknown,unknown,unknown,1045.32,0.0,24.53,0.0,2.3,,97.7,,,,,,,unknown,unknown,unknown,unknown,0,,
2025-11-05,1012.67,15.5,1.5,686.71,67.8,78.05,7.7,997.17,98.5,green,unknown,unknown,unknown,1012.67,0.0,15.5,0.0,1.5,,98.5,,,,,,,unknown,unknown,unknown,unknown,0,,
2025-11-06,1555.35,17.69,1.1,754.04,48.5,83.62,5.4,1537.66,98.9,green,unknown,unknown,unknown,1555.35,0.0,17.69,0.0,1.1,,98.9,,,,,,,unknown,unknown,unknown,unknown,0,,
2025-11-07,3711.03,50.13,1.4,1510.41,40.7,323.18,8.7,3660.9,98.6,green,unknown,unknown,unknown,3711.03,0.0,50.13,0.0,1.4,,98.6,,,,,,,unknown,unknown,unknown,unknown,0,,
2025-11-08,3687.05,45.39,1.2,1544.25,41.9,272.4,7.4,3641.66,98.8,green,unknown,unknown,unknown,3687.05,0.0,45.39,0.0,1.2,,98.8,,,,,,,unknown,unknown,unknown,unknown,0,,
2025-11-09,2407.65,22.27,0.9,1056.44,43.9,236.77,9.8,2385.38,99.1,green,unknown,unknown,unknown,2407.65,0.0,22.27,0.0,0.9,,99.1,,,,,,,unknown,unknown,unknown,unknown,0,,
2025-11-11,1404.36,25.3,1.8,740.33,52.7,72.47,5.2,1379.06,98.2,green,unknown,unknown,unknown,1404.36,0.0,25.3,0.0,1.8,,98.2,,,,,,,unknown,unknown,unknown,unknown,0,,
2025-11-12,1415.73,28.27,2.0,734.7,51.9,98.56,7.0,1387.46,98.0,green,unknown,unknown,unknown,1415.73,0.0,28.27,0.0,2.0,,98.0,,,,,,,unknown,unknown,unknown,unknown,0,,
2025-11-13,1922.59,19.96,1.0,741.81,38.6,71.4,3.7,1902.63,99.0,green,unknown,unknown,unknown,1922.59,0.0,19.96,0.0,1.0,,99.0,,,,,,,unknown,unknown,unknown,unknown,0,,
2025-11-14,4702.21,49.28,1.0,1482.21,31.5,279.3,5.9,4652.93,99.0,green,unknown,unknown,unknown,4702.21,0.0,49.28,0.0,1.0,,99.0,,,,,,,unknown,unknown,unknown,unknown,0,,
2025-11-15,3262.05,46.88,1.4,1497.65,45.9,256.68,7.9,3215.17,98.6,green,unknown,unknown,unknown,3262.05,0.0,46.88,0.0,1.4,,98.6,,,,,,,unknown,unknown,unknown,unknown,0,,
2025-11-16,2502.56,31.54,1.3,1033.97,41.3,287.66,11.5,2471.02,98.7,green,unknown,unknown,unknown,2502.56,0.0,31.54,0.0,1.3,,98.7,,,,,,,unknown,unknown,unknown,unknown,0,,
2025-11-18,905.4,63.52,7.0,658.18,72.7,66.64,7.4,841.88,93.0,green,unknown,unknown,unknown,905.4,0.0,63.52,0.0,7.0,,93.0,,,,,,,unknown,unknown,unknown,unknown,0,,
2025-11-19,1520.83,32.93,2.2,739.42,48.6,89.2,5.9,1487.9,97.8,green,unknown,unknown,unknown,1520.83,0.0,32.93,0.0,2.2,,97.8,,,,,,,unknown,unknown,unknown,unknown,0,,
2025-11-20,2470.26,35.54,1.4,681.6,27.6,89.2,3.6,2434.72,98.6,green,unknown,unknown,unknown,2470.26,0.0,35.54,0.0,1.4,,98.6,,,,,,,unknown,unknown,unknown,unknown,0,,
2025-11-21,3240.95,17.42,0.5,1582.98,48.8,295.46,9.1,3223.53,99.5,green,unknown,unknown,unknown,3240.95,0.0,17.42,0.0,0.5,,99.5,,,,,,,unknown,unknown,unknown,unknown,0,,
2025-11-22,2886.53,44.5,1.5,1535.07,53.2,298.61,10.3,2842.03,98.5,green,unknown,unknown,unknown,2886.53,0.0,44.5,0.0,1.5,,98.5,,,,,,,unknown,unknown,unknown,unknown,0,,
2025-11-23,2089.56,71.2,3.4,940.65,45.0,217.67,10.4,2018.36,96.6,green,unknown,unknown,unknown,2089.56,0.0,71.2,0.0,3.4,,96.6,,,,,,,unknown,unknown,unknown,unknown,0,,
2025-11-25,1345.58,18.19,1.4,643.26,47.8,116.13,8.6,1327.39,98.6,green,unknown,unknown,unknown,1345.58,0.0,18.19,0.0,1.4,,98.6,,,,,,,unknown,unknown,unknown,unknown,0,,
2025-11-26,1281.1,49.02,3.8,754.93,58.9,83.62,6.5,1232.08,96.2,green,unknown,unknown,unknown,1281.1,0.0,49.02,0.0,3.8,,96.2,,,,,,,unknown,unknown,unknown,unknown,0,,
2025-11-27,1394.07,27.42,2.0,831.08,59.6,126.02,9.0,1366.65,98.0,green,unknown,unknown,unknown,1394.07,0.0,27.42,0.0,2.0,,98.0,,,,,,,unknown,unknown,unknown,unknown,0,,
2025-11-28,4486.23,80.13,1.8,1365.75,30.4,323.34,7.2,4406.1,98.2,green,unknown,unknown,unknown,4486.23,0.0,80.13,0.0,1.8,,98.2,,,,,,,unknown,unknown,unknown,unknown,0,,
2025-11-29,4049.99,192.46,4.8,1509.49,37.3,345.29,8.5,3857.53,95.2,green,unknown,unknown,unknown,4049.99,0.0,192.46,0.0,4.8,,95.2,,,,,,,unknown,unknown,unknown,unknown,0,,
2025-11-30,2973.14,81.76,2.7,1004.5,33.8,155.51,5.2,2891.38,97.3,green,unknown,unknown,unknown,2973.14,0.0,81.76,0.0,2.7,,97.3,,,,,,,unknown,unknown,unknown,unknown,0,,
2025-12-02,1179.26,103.58,8.8,714.03,60.5,83.62,7.1,1075.68,91.2,green,unknown,unknown,unknown,1179.26,0.0,103.58,0.0,8.8,,91.2,,,,,,,unknown,unknown,unknown,unknown,0,,
2025-12-03,1515.56,29.48,1.9,766.78,50.6,83.62,5.5,1486.08,98.1,green,unknown,unknown,unknown,1515.56,0.0,29.48,0.0,1.9,,98.1,,,,,,,unknown,unknown,unknown,unknown,0,,
2025-12-04,1716.74,54.17,3.2,722.7,42.1,71.4,4.2,1662.57,96.8,green,unknown,unknown,unknown,1716.74,0.0,54.17,0.0,3.2,,96.8,,,,,,,unknown,unknown,unknown,unknown,0,,
2025-12-05,5288.67,679.55,12.8,1299.52,24.6,286.93,5.4,4609.12,87.2,green,unknown,unknown,unknown,5288.67,0.0,679.55,0.0,12.8,,87.2,,,,,,,unknown,unknown,unknown,unknown,0,,
2025-12-06,3880.65,320.51,8.3,1489.3,38.4,290.83,7.5,3560.14,91.7,green,unknown,unknown,unknown,3880.65,0.0,320.51,0.0,8.3,,91.7,,,,,,,unknown,unknown,unknown,unknown,0,,
2025-12-07,1983.43,247.56,12.5,981.29,49.5,166.13,8.4,1735.87,87.5,green,unknown,unknown,unknown,1983.43,0.0,247.56,0.0,12.5,,87.5,,,,,,,unknown,unknown,unknown,unknown,0,,
2025-12-09,1365.45,134.07,9.8,567.35,41.6,,,1231.38,90.2,green,red,unknown,unknown,1365.45,0.0,134.07,0.0,9.8,,90.2,,,,,,,unknown,unknown,unknown,unknown,0,,
2025-12-10,1764.55,161.86,9.2,733.17,41.6,,,1602.69,90.8,green,red,unknown,unknown,1764.55,0.0,161.86,0.0,9.2,,90.8,,,,,,,unknown,unknown,unknown,unknown,0,,
2025-12-11,1535.21,109.21,7.1,637.88,41.6,,,1426.0,92.9,green,red,unknown,unknown,1535.21,0.0,109.21,0.0,7.1,,92.9,,,,,,,unknown,unknown,unknown,unknown,0,,
2025-12-12,3322.86,291.25,8.8,1380.66,41.6,,,3031.61,91.2,green,red,unknown,unknown,3322.86,0.0,291.25,0.0,8.8,,91.2,,,,,,,unknown,unknown,unknown,unknown,0,,
2025-12-13,3617.96,495.56,13.7,1503.27,41.6,,,3122.4,86.3,green,red,unknown,unknown,3617.96,0.0,495.56,0.0,13.7,,86.3,,,,,,,unknown,unknown,unknown,unknown,0,,
2025-12-14,2227.62,245.46,11.0,925.58,41.6,,,1982.16,89.0,green,red,unknown,unknown,2227.62,0.0,245.46,0.0,11.0,,89.0,,,,,,,unknown,unknown,unknown,unknown,0,,
2025-12-16,1377.01,227.6,16.5,682.74,49.6,72.47,5.3,1149.41,83.5,green,unknown,unknown,unknown,1377.01,0.0,227.6,0.0,16.5,,83.5,,,,,,,unknown,unknown,unknown,unknown,0,,
2025-12-17,1280.92,163.79,12.8,752.95,58.8,86.24,6.7,1117.13,87.2,green,unknown,unknown,unknown,1280.92,0.0,163.79,0.0,12.8,,87.2,,,,,,,unknown,unknown,unknown,unknown,0,,
2025-12-18,2020.08,172.24,8.5,643.83,31.9,104.72,5.2,1847.84,91.5,green,unknown,unknown,unknown,2020.08,0.0,172.24,0.0,8.5,,91.5,,,,,,,unknown,unknown,unknown,unknown,0,,
2025-12-19,5835.71,505.43,8.7,1315.05,22.5,250.87,4.3,5330.28,91.3,green,unknown,unknown,unknown,5835.71,0.0,505.43,0.0,8.7,,91.3,,,,,,,unknown,unknown,unknown,unknown,0,,
2025-12-20,3101.32,315.67,10.2,1392.36,44.9,234.46,7.6,2785.65,89.8,green,unknown,unknown,unknown,3101.32,0.0,315.67,0.0,10.2,,89.8,,,,,,,unknown,unknown,unknown,unknown,0,,
2025-12-21,2853.21,287.81,10.1,997.03,34.9,213.76,7.5,2565.4,89.9,green,unknown,unknown,unknown,2853.21,0.0,287.81,0.0,10.1,,89.9,,,,,,,unknown,unknown,unknown,unknown,0,,
2025-12-22,24.05,0.0,0.0,,,,,24.05,100.0,green,unknown,unknown,unknown,24.05,0.0,,,,,,,,,,,,unknown,unknown,unknown,unknown,0,,
2025-12-23,2352.43,204.43,8.7,709.41,30.2,94.77,4.0,2148.0,91.3,green,unknown,unknown,unknown,2352.43,0.0,204.43,0.0,8.7,,91.3,,,,,,,unknown,unknown,unknown,unknown,0,,
2025-12-25,182.73,3.86,2.1,,,,,178.87,97.9,green,unknown,unknown,unknown,182.73,0.0,3.86,0.0,2.1,,97.9,,,,,,,unknown,unknown,unknown,unknown,0,,
2025-12-26,2890.54,268.1,9.3,1686.14,58.3,276.87,9.6,2622.44,90.7,green,unknown,unknown,unknown,2890.54,0.0,268.1,0.0,9.3,,90.7,,,,,,,unknown,unknown,unknown,unknown,0,,
2025-12-27,3112.81,320.13,10.3,1351.83,43.4,274.98,8.8,2792.68,89.7,green,unknown,unknown,unknown,3112.81,0.0,320.13,0.0,10.3,,89.7,,,,,,,unknown,unknown,unknown,unknown,0,,
2025-12-28,2993.43,292.12,9.8,969.77,32.4,256.37,8.6,2701.31,90.2,green,unknown,unknown,unknown,2993.43,0.0,292.12,0.0,9.8,,90.2,,,,,,,unknown,unknown,unknown,unknown,0,,
2025-12-29,12.82,0.0,0.0,,,,,12.82,100.0,green,unknown,unknown,unknown,12.82,0.0,,,,,,,,,,,,unknown,unknown,unknown,unknown,0,,
2025-12-30,2759.55,263.49,9.5,902.37,32.7,155.68,5.6,2496.06,90.5,green,unknown,unknown,unknown,2759.55,0.0,263.49,0.0,9.5,,90.5,,,,,,,unknown,unknown,unknown,unknown,0,,
2025-12-31,34.26,0.0,0.0,,,,,34.26,100.0,green,unknown,unknown,unknown,34.26,0.0,,,,,,,,,,,,unknown,unknown,unknown,unknown,0,,
2026-01-02,2486.6,206.64,8.3,1195.24,48.1,250.61,10.1,2279.96,91.7,green,unknown,unknown,unknown,2486.6,0.0,206.64,0.0,8.3,,91.7,,,,,,,unknown,unknown,unknown,unknown,0,,
2026-01-03,3625.6,368.81,10.2,1447.63,39.9,243.26,6.7,3256.79,89.8,green,unknown,unknown,unknown,3625.6,0.0,368.81,0.0,10.2,,89.8,,,,,,,unknown,unknown,unknown,unknown,0,,
2026-01-04,3081.04,236.63,7.7,1161.88,37.7,252.07,8.2,2844.41,92.3,green,unknown,unknown,unknown,3081.04,0.0,236.63,0.0,7.7,,92.3,,,,,,,unknown,unknown,unknown,unknown,0,,
2026-01-05,7.27,0.0,0.0,3.14,43.2,,,7.27,100.0,green,red,unknown,unknown,7.27,0.0,,,,,,,,,,,,unknown,unknown,unknown,unknown,0,,
2026-01-06,2022.25,155.92,7.7,874.0,43.2,,,1866.33,92.3,green,red,unknown,unknown,2022.25,0.0,155.92,0.0,7.7,,92.3,,,,,,,unknown,unknown,unknown,unknown,0,,
2026-01-07,1509.94,158.53,10.5,652.58,43.2,,,1351.41,89.5,green,red,unknown,unknown,1509.94,0.0,158.53,0.0,10.5,,89.5,,,,,,,unknown,unknown,unknown,unknown,0,,
2026-01-08,1760.85,140.65,8.0,761.02,43.2,,,1620.2,92.0,green,red,unknown,unknown,1760.85,0.0,140.65,0.0,8.0,,92.0,,,,,,,unknown,unknown,unknown,unknown,0,,
2026-01-09,2997.44,258.55,8.6,1295.47,43.2,,,2738.89,91.4,green,red,unknown,unknown,2997.44,0.0,258.55,0.0,8.6,,91.4,,,,,,,unknown,unknown,unknown,unknown,0,,
2026-01-10,3412.95,338.75,9.9,1475.05,43.2,,,3074.2,90.1,green,red,unknown,unknown,3412.95,0.0,338.75,0.0,9.9,,90.1,,,,,,,unknown,unknown,unknown,unknown,0,,
2026-01-11,1927.15,180.5,9.4,832.9,43.2,,,1746.65,90.6,green,red,unknown,unknown,1927.15,0.0,180.5,0.0,9.4,,90.6,,,,,,,unknown,unknown,unknown,unknown,0,,
2026-01-12,11.1,0.0,0.0,5.29,47.6,,,11.1,100.0,green,red,unknown,unknown,11.1,0.0,,,,,,,,,,,,unknown,unknown,unknown,unknown,0,,
2026-01-13,1961.15,175.62,9.0,934.48,47.6,,,1785.53,91.0,green,red,unknown,unknown,1961.15,0.0,175.62,0.0,9.0,,91.0,,,,,,,unknown,unknown,unknown,unknown,0,,
2026-01-14,880.66,45.88,5.2,419.63,47.6,,,834.78,94.8,green,red,unknown,unknown,880.66,0.0,45.88,0.0,5.2,,94.8,,,,,,,unknown,unknown,unknown,unknown,0,,
2026-01-15,1565.94,144.97,9.3,746.16,47.6,,,1420.97,90.7,green,red,unknown,unknown,1565.94,0.0,144.97,0.0,9.3,,90.7,,,,,,,unknown,unknown,unknown,unknown,0,,
2026-01-16,3057.89,299.4,9.8,1457.07,47.6,,,2758.49,90.2,green,red,unknown,unknown,3057.89,0.0,299.4,0.0,9.8,,90.2,,,,,,,unknown,unknown,unknown,unknown,0,,
2026-01-17,3240.58,285.43,8.8,1544.12,47.6,,,2955.15,91.2,green,red,unknown,unknown,3240.58,0.0,285.43,0.0,8.8,,91.2,,,,,,,unknown,unknown,unknown,unknown,0,,
2026-01-18,2262.6,270.49,12.0,1078.12,47.6,,,1992.11,88.0,green,red,unknown,unknown,2262.6,0.0,270.49,0.0,12.0,,88.0,,,,,,,unknown,unknown,unknown,unknown,0,,
2026-01-19,18.5,0.0,0.0,8.81,47.6,,,18.5,100.0,green,red,unknown,unknown,18.5,0.0,,,,,,,,,,,,unknown,unknown,unknown,unknown,0,,
2026-01-20,1609.23,78.84,4.9,766.65,47.6,,,1530.39,95.1,green,red,unknown,unknown,1609.23,0.0,78.84,0.0,4.9,,95.1,,,,,,,unknown,unknown,unknown,unknown,0,,
2026-01-21,980.19,43.75,4.5,466.97,47.6,,,936.44,95.5,green,red,unknown,unknown,980.19,0.0,43.75,0.0,4.5,,95.5,,,,,,,unknown,unknown,unknown,unknown,0,,
2026-01-22,1362.69,110.49,8.1,649.2,47.6,,,1252.2,91.9,green,red,unknown,unknown,1362.69,0.0,110.49,0.0,8.1,,91.9,,,,,,,unknown,unknown,unknown,unknown,0,,
2026-01-23,3261.31,354.55,10.9,1553.71,47.6,,,2906.76,89.1,green,red,unknown,unknown,3261.31,0.0,354.55,0.0,10.9,,89.1,,,,,,,unknown,unknown,unknown,unknown,0,,
2026-01-24,2662.16,223.81,8.4,1268.28,47.6,,,2438.35,91.6,green,red,unknown,unknown,2662.16,0.0,223.81,0.0,8.4,,91.6,,,,,,,unknown,unknown,unknown,unknown,0,,
2026-01-25,2680.63,281.54,10.5,1277.07,47.6,,,2399.09,89.5,green,red,unknown,unknown,2680.63,0.0,281.54,0.0,10.5,,89.5,,,,,,,unknown,unknown,unknown,unknown,0,,
2026-01-26,4.18,0.0,0.0,1.89,45.2,,,4.18,100.0,green,red,unknown,unknown,4.18,0.0,,,,,,,,,,,,unknown,unknown,unknown,unknown,0,,
2026-01-27,949.41,72.11,7.6,429.11,45.2,,,877.3,92.4,green,red,unknown,unknown,949.41,0.0,72.11,0.0,7.6,,92.4,,,,,,,unknown,unknown,unknown,unknown,0,,
2026-01-28,965.38,75.93,7.9,436.33,45.2,,,889.45,92.1,green,red,unknown,unknown,965.38,0.0,75.93,0.0,7.9,,92.1,,,,,,,unknown,unknown,unknown,unknown,0,,
2026-01-29,1426.87,149.43,10.5,644.91,45.2,,,1277.44,89.5,green,red,unknown,unknown,1426.87,0.0,149.43,0.0,10.5,,89.5,,,,,,,unknown,unknown,unknown,unknown,0,,
2026-01-30,3645.15,359.24,9.9,1647.51,45.2,,,3285.91,90.1,green,red,unknown,unknown,3645.15,0.0,359.24,0.0,9.9,,90.1,,,,,,,unknown,unknown,unknown,unknown,0,,
2026-01-31,3501.54,374.65,10.7,1582.6,45.2,,,3126.89,89.3,green,red,unknown,unknown,3501.54,0.0,374.65,0.0,10.7,,89.3,,,,,,,unknown,unknown,unknown,unknown,0,,
2026-02-01,2427.94,188.14,7.7,1097.36,45.2,,,2239.8,92.3,green,red,unknown,unknown,2427.94,0.0,188.14,0.0,7.7,,92.3,,,,,,,unknown,unknown,unknown,unknown,0,,
2026-02-02,3.7,0.0,0.0,1.66,44.9,,,3.7,100.0,green,red,unknown,unknown,3.7,0.0,,,,,,,,,,,,unknown,unknown,unknown,unknown,0,,
2026-02-03,912.95,48.81,5.3,409.62,44.9,,,864.14,94.7,green,red,unknown,unknown,912.95,0.0,48.81,0.0,5.3,,94.7,,,,,,,unknown,unknown,unknown,unknown,0,,
2026-02-04,1127.27,72.59,6.4,505.77,44.9,,,1054.68,93.6,green,red,unknown,unknown,1127.27,0.0,72.59,0.0,6.4,,93.6,,,,,,,unknown,unknown,unknown,unknown,0,,
2026-02-05,1202.95,96.46,8.0,539.73,44.9,,,1106.49,92.0,green,red,unknown,unknown,1202.95,0.0,96.46,0.0,8.0,,92.0,,,,,,,unknown,unknown,unknown,unknown,0,,
2026-02-06,4953.7,512.84,10.4,2222.58,44.9,,,4440.86,89.6,green,red,unknown,unknown,4953.7,0.0,512.84,0.0,10.4,,89.6,,,,,,,unknown,unknown,unknown,unknown,0,,
2026-02-07,2743.44,202.17,7.4,1230.9,44.9,,,2541.27,92.6,green,red,unknown,unknown,2743.44,0.0,202.17,0.0,7.4,,92.6,,,,,,,unknown,unknown,unknown,unknown,0,,
2026-02-08,1694.26,111.34,6.6,760.17,44.9,,,1582.92,93.4,green,red,unknown,unknown,1694.26,0.0,111.34,0.0,6.6,,93.4,,,,,,,unknown,unknown,unknown,unknown,0,,
2026-02-09,11.04,0.0,0.0,4.75,43.1,,,11.04,100.0,green,red,unknown,unknown,11.04,0.0,,,,,,,,,,,,unknown,unknown,unknown,unknown,0,,
2026-02-10,1753.07,67.3,3.8,755.16,43.1,,,1685.77,96.2,green,red,unknown,unknown,1753.07,0.0,67.3,0.0,3.8,,96.2,,,,,,,unknown,unknown,unknown,unknown,0,,
2026-02-11,765.82,75.05,9.8,329.89,43.1,,,690.77,90.2,green,red,unknown,unknown,765.82,0.0,75.05,0.0,9.8,,90.2,,,,,,,unknown,unknown,unknown,unknown,0,,
2026-02-12,1298.95,175.21,13.5,559.54,43.1,,,1123.74,86.5,green,red,unknown,unknown,1298.95,0.0,175.21,0.0,13.5,,86.5,,,,,,,unknown,unknown,unknown,unknown,0,,
2026-02-13,4134.02,435.33,10.5,1780.78,43.1,,,3698.69,89.5,green,red,unknown,unknown,4134.02,0.0,435.33,0.0,10.5,,89.5,,,,,,,unknown,unknown,unknown,unknown,0,,
2026-02-14,3364.83,372.35,11.1,1449.44,43.1,,,2992.48,88.9,green,red,unknown,unknown,3364.83,0.0,372.35,0.0,11.1,,88.9,,,,,,,unknown,unknown,unknown,unknown,0,,
2026-02-15,2166.25,167.58,7.7,933.14,43.1,,,1998.67,92.3,green,red,unknown,unknown,2166.25,0.0,167.58,0.0,7.7,,92.3,,,,,,,unknown,unknown,unknown,unknown,0,,
2026-02-16,14.67,0.0,0.0,6.74,45.9,,,14.67,100.0,green,red,unknown,unknown,14.67,0.0,,,,,,,,,,,,unknown,unknown,unknown,unknown,0,,
2026-02-17,1412.58,78.89,5.6,648.83,45.9,,,1333.69,94.4,green,red,unknown,unknown,1412.58,0.0,78.89,0.0,5.6,,94.4,,,,,,,unknown,unknown,unknown,unknown,0,,
2026-02-18,1493.71,98.66,6.6,686.09,45.9,,,1395.05,93.4,green,red,unknown,unknown,1493.71,0.0,98.66,0.0,6.6,,93.4,,,,,,,unknown,unknown,unknown,unknown,0,,
2026-02-19,1110.15,89.88,8.1,509.92,45.9,,,1020.27,91.9,green,red,unknown,unknown,1110.15,0.0,89.88,0.0,8.1,,91.9,,,,,,,unknown,unknown,unknown,unknown,0,,
2026-02-20,3230.89,321.5,10.0,1484.01,45.9,,,2909.39,90.0,green,red,unknown,unknown,3230.89,0.0,321.5,0.0,10.0,,90.0,,,,,,,unknown,unknown,unknown,unknown,0,,
2026-02-21,2980.29,368.9,12.4,1368.91,45.9,,,2611.39,87.6,green,red,unknown,unknown,2980.29,0.0,368.9,0.0,12.4,,87.6,,,,,,,unknown,unknown,unknown,unknown,0,,
2026-02-22,1871.64,409.73,21.9,859.68,45.9,,,1461.91,78.1,amber,red,unknown,unknown,1871.64,0.0,409.73,0.0,21.9,,78.1,,,,,,,unknown,unknown,unknown,unknown,0,,
2026-02-23,7.4,0.0,0.0,2.98,40.2,,,7.4,100.0,green,red,unknown,unknown,7.4,0.0,,,,,,,,,,,,unknown,unknown,unknown,unknown,0,,
2026-02-24,1707.98,347.15,20.3,687.4,40.2,,,1360.83,79.7,yellow,red,unknown,unknown,1707.98,0.0,347.15,0.0,20.3,,79.7,,,,,,,unknown,unknown,unknown,unknown,0,,
2026-02-25,921.8,187.71,20.4,370.99,40.2,,,734.09,79.6,yellow,red,unknown,unknown,921.8,0.0,187.71,0.0,20.4,,79.6,,,,,,,unknown,unknown,unknown,unknown,0,,
2026-02-26,1373.1,284.02,20.7,552.62,40.2,,,1089.08,79.3,amber,red,unknown,unknown,1373.1,0.0,284.02,0.0,20.7,,79.3,,,,,,,unknown,unknown,unknown,unknown,0,,
2026-02-27,5241.99,1049.61,20.0,2109.7,40.2,,,4192.38,80.0,yellow,red,unknown,unknown,5241.99,0.0,1049.61,0.0,20.0,,80.0,,,,,,,unknown,unknown,unknown,unknown,0,,
2026-02-28,2885.39,565.43,19.6,1161.26,40.2,,,2319.96,80.4,yellow,red,unknown,unknown,2885.39,0.0,565.43,0.0,19.6,,80.4,,,,,,,unknown,unknown,unknown,unknown,0,,
2026-03-01,1863.34,364.54,19.6,749.92,40.2,,,1498.8,80.4,yellow,red,unknown,unknown,1863.34,0.0,364.54,0.0,19.6,,80.4,,,,,,,unknown,unknown,unknown,unknown,0,,
2026-03-02,32.91,16.71,50.8,12.94,39.3,,,16.2,49.2,red,red,unknown,unknown,32.91,0.0,16.71,0.0,50.8,,49.2,,,,,,,unknown,unknown,unknown,unknown,0,,
2026-03-03,1030.88,239.9,23.3,405.46,39.3,,,790.98,76.7,red,red,unknown,unknown,1030.88,0.0,239.9,0.0,23.3,,76.7,,,,,,,unknown,unknown,unknown,unknown,0,,
2026-03-04,1055.81,203.7,19.3,415.26,39.3,,,852.11,80.7,yellow,red,unknown,unknown,1055.81,0.0,203.7,0.0,19.3,,80.7,,,,,,,unknown,unknown,unknown,unknown,0,,
2026-03-05,1903.25,380.77,20.0,748.57,39.3,,,1522.48,80.0,yellow,red,unknown,unknown,1903.25,0.0,380.77,0.0,20.0,,80.0,,,,,,,unknown,unknown,unknown,unknown,0,,
2026-03-06,4287.11,815.14,19.0,1686.16,39.3,,,3471.97,81.0,yellow,red,unknown,unknown,4287.11,0.0,815.14,0.0,19.0,,81.0,,,,,,,unknown,unknown,unknown,unknown,0,,
2026-03-07,3838.14,795.19,20.7,1509.58,39.3,,,3042.95,79.3,amber,red,unknown,unknown,3838.14,0.0,795.19,0.0,20.7,,79.3,,,,,,,unknown,unknown,unknown,unknown,0,,
2026-03-08,1604.45,284.53,17.7,631.05,39.3,,,1319.92,82.3,yellow,red,unknown,unknown,1604.45,0.0,284.53,0.0,17.7,,82.3,,,,,,,unknown,unknown,unknown,unknown,0,,
2026-03-09,3.75,0.0,0.0,1.69,45.0,,,3.75,100.0,green,red,unknown,unknown,3.75,0.0,,,,,,,,,,,,unknown,unknown,unknown,unknown,0,,
2026-03-10,1520.6,368.38,24.2,684.69,45.0,,,1152.22,75.8,red,red,unknown,unknown,1520.6,0.0,368.38,0.0,24.2,,75.8,,,,,,,unknown,unknown,unknown,unknown,0,,
2026-03-11,972.81,173.21,17.8,438.03,45.0,,,799.6,82.2,yellow,red,unknown,unknown,972.81,0.0,173.21,0.0,17.8,,82.2,,,,,,,unknown,unknown,unknown,unknown,0,,
2026-03-12,1757.47,311.67,17.7,791.35,45.0,,,1445.8,82.3,yellow,red,unknown,unknown,1757.47,0.0,311.67,0.0,17.7,,82.3,,,,,,,unknown,unknown,unknown,unknown,0,,
2026-03-13,3564.0,748.59,21.0,1604.78,45.0,,,2815.41,79.0,amber,red,unknown,unknown,3564.0,0.0,748.59,0.0,21.0,,79.0,,,,,,,unknown,unknown,unknown,unknown,0,,
2026-03-14,3145.8,713.18,22.7,1416.48,45.0,,,2432.62,77.3,red,red,unknown,unknown,3145.8,0.0,713.18,0.0,22.7,,77.3,,,,,,,unknown,unknown,unknown,unknown,0,,
2026-03-15,1835.2,498.64,27.2,826.35,45.0,,,1336.56,72.8,red,red,unknown,unknown,1835.2,0.0,498.64,0.0,27.2,,72.8,,,,,,,unknown,unknown,unknown,unknown,0,,
2026-03-16,3.64,0.0,0.0,1.57,43.3,,,3.64,100.0,green,red,unknown,unknown,3.64,0.0,,,,,,,,,,,,unknown,unknown,unknown,unknown,0,,
2026-03-17,979.71,341.92,34.9,423.88,43.3,,,637.79,65.1,red,red,unknown,unknown,979.71,0.0,341.92,0.0,34.9,,65.1,,,,,,,unknown,unknown,unknown,unknown,0,,
2026-03-18,1392.3,386.46,27.8,602.39,43.3,,,1005.84,72.2,red,red,unknown,unknown,1392.3,0.0,386.46,0.0,27.8,,72.2,,,,,,,unknown,unknown,unknown,unknown,0,,
2026-03-19,1755.91,414.43,23.6,759.71,43.3,,,1341.48,76.4,red,red,unknown,unknown,1755.91,0.0,414.43,0.0,23.6,,76.4,,,,,,,unknown,unknown,unknown,unknown,0,,
2026-03-20,3845.95,924.03,24.0,1663.99,43.3,,,2921.92,76.0,red,red,unknown,unknown,3845.95,0.0,924.03,0.0,24.0,,76.0,,,,,,,unknown,unknown,unknown,unknown,0,,
2026-03-21,3106.56,802.72,25.8,1344.08,43.3,,,2303.84,74.2,red,red,unknown,unknown,3106.56,0.0,802.72,0.0,25.8,,74.2,,,,,,,unknown,unknown,unknown,unknown,0,,
2026-03-22,1846.77,529.65,28.7,799.02,43.3,,,1317.12,71.3,red,red,unknown,unknown,1846.77,0.0,529.65,0.0,28.7,,71.3,,,,,,,unknown,unknown,unknown,unknown,0,,
2026-03-23,7.27,0.0,0.0,2.97,40.9,,,7.27,100.0,green,red,unknown,unknown,7.27,0.0,,,,,,,,,,,,unknown,unknown,unknown,unknown,0,,
2026-03-24,911.39,286.91,31.5,372.45,40.9,,,624.48,68.5,red,red,unknown,unknown,911.39,0.0,286.91,0.0,31.5,,68.5,,,,,,,unknown,unknown,unknown,unknown,0,,
2026-03-25,1422.42,264.14,18.6,581.29,40.9,,,1158.28,81.4,yellow,red,unknown,unknown,1422.42,0.0,264.14,0.0,18.6,,81.4,,,,,,,unknown,unknown,unknown,unknown,0,,
2026-03-26,1183.57,372.59,31.5,483.68,40.9,,,810.98,68.5,red,red,unknown,unknown,1183.57,0.0,372.59,0.0,31.5,,68.5,,,,,,,unknown,unknown,unknown,unknown,0,,
2026-03-27,4139.82,1113.64,26.9,1691.79,40.9,,,3026.18,73.1,red,red,unknown,unknown,4139.82,0.0,1113.64,0.0,26.9,,73.1,,,,,,,unknown,unknown,unknown,unknown,0,,
2026-03-28,2141.73,463.13,21.6,875.24,40.9,,,1678.6,78.4,amber,red,unknown,unknown,2141.73,0.0,463.13,0.0,21.6,,78.4,,,,,,,unknown,unknown,unknown,unknown,0,,
2026-03-29,2116.21,460.06,21.7,864.82,40.9,,,1656.15,78.3,amber,red,unknown,unknown,2116.21,0.0,460.06,0.0,21.7,,78.3,,,,,,,unknown,unknown,unknown,unknown,0,,
2026-03-30,7.27,3.74,51.4,3.6,49.5,,,3.53,48.6,red,red,unknown,unknown,7.27,0.0,3.74,0.0,51.4,,48.6,,,,,,,unknown,unknown,unknown,unknown,0,,
2026-03-31,1180.88,316.21,26.8,584.69,49.5,,,864.67,73.2,red,red,unknown,unknown,1180.88,0.0,316.21,0.0,26.8,,73.2,,,,,,,unknown,unknown,unknown,unknown,0,,
2026-04-01,1079.28,217.53,20.2,534.38,49.5,,,861.75,79.8,yellow,red,unknown,unknown,1079.28,0.0,217.53,0.0,20.2,,79.8,,,,,,,unknown,unknown,unknown,unknown,0,,
2026-04-02,3091.5,606.79,19.6,1530.69,49.5,,,2484.71,80.4,yellow,red,unknown,unknown,3091.5,0.0,606.79,0.0,19.6,,80.4,,,,,,,unknown,unknown,unknown,unknown,0,,
2026-04-03,2224.0,485.89,21.8,1101.16,49.5,,,1738.11,78.2,amber,red,unknown,unknown,2224.0,0.0,485.89,0.0,21.8,,78.2,,,,,,,unknown,unknown,unknown,unknown,0,,
2026-04-04,3210.75,702.26,21.9,1589.73,49.5,,,2508.49,78.1,amber,red,unknown,unknown,3210.75,0.0,702.26,0.0,21.9,,78.1,,,,,,,unknown,unknown,unknown,unknown,0,,
2026-04-05,1967.65,428.76,21.8,974.24,49.5,,,1538.89,78.2,amber,red,unknown,unknown,1967.65,0.0,428.76,0.0,21.8,,78.2,,,,,,,unknown,unknown,unknown,unknown,0,,
2026-04-06,4.18,0.0,0.0,1.79,42.9,,,4.18,100.0,green,red,unknown,unknown,4.18,0.0,,,,,,,,,,,,unknown,unknown,unknown,unknown,0,,
2026-04-07,1521.75,332.12,21.8,652.2,42.9,,,1189.63,78.2,amber,red,unknown,unknown,1521.75,0.0,332.12,0.0,21.8,,78.2,,,,,,,unknown,unknown,unknown,unknown,0,,
2026-04-08,1292.88,266.46,20.6,554.11,42.9,,,1026.42,79.4,amber,red,unknown,unknown,1292.88,0.0,266.46,0.0,20.6,,79.4,,,,,,,unknown,unknown,unknown,unknown,0,,
2026-04-09,1092.12,216.56,19.8,468.06,42.9,,,875.56,80.2,yellow,red,unknown,unknown,1092.12,0.0,216.56,0.0,19.8,,80.2,,,,,,,unknown,unknown,unknown,unknown,0,,
2026-04-10,3206.75,690.48,21.5,1374.36,42.9,,,2516.27,78.5,amber,red,unknown,unknown,3206.75,0.0,690.48,0.0,21.5,,78.5,,,,,,,unknown,unknown,unknown,unknown,0,,
2026-04-11,2310.96,544.9,23.6,990.44,42.9,,,1766.06,76.4,red,red,unknown,unknown,2310.96,0.0,544.9,0.0,23.6,,76.4,,,,,,,unknown,unknown,unknown,unknown,0,,
2026-04-12,2059.93,547.04,26.6,882.85,42.9,,,1512.89,73.4,red,red,unknown,unknown,2059.93,0.0,547.04,0.0,26.6,,73.4,,,,,,,unknown,unknown,unknown,unknown,0,,
2026-04-13,7.39,0.0,0.0,3.03,41.0,,,7.39,100.0,green,red,unknown,unknown,7.39,0.0,,,,,,,,,,,,unknown,unknown,unknown,unknown,0,,
2026-04-14,1712.39,386.75,22.6,701.62,41.0,,,1325.64,77.4,amber,red,unknown,unknown,1712.39,0.0,386.75,0.0,22.6,,77.4,,,,,,,unknown,unknown,unknown,unknown,0,,
2026-04-15,1302.85,351.46,27.0,533.81,41.0,,,951.39,73.0,red,red,unknown,unknown,1302.85,0.0,351.46,0.0,27.0,,73.0,,,,,,,unknown,unknown,unknown,unknown,0,,
2026-04-16,1120.48,268.72,24.0,459.09,41.0,,,851.76,76.0,red,red,unknown,unknown,1120.48,0.0,268.72,0.0,24.0,,76.0,,,,,,,unknown,unknown,unknown,unknown,0,,
2026-04-17,4235.08,1075.07,25.4,1735.24,41.0,,,3160.01,74.6,red,red,unknown,unknown,4235.08,0.0,1075.07,0.0,25.4,,74.6,,,,,,,unknown,unknown,unknown,unknown,0,,
2026-04-18,2662.54,542.82,20.4,1090.92,41.0,,,2119.72,79.6,yellow,red,unknown,unknown,2662.54,0.0,542.82,0.0,20.4,,79.6,,,,,,,unknown,unknown,unknown,unknown,0,,
2026-04-19,1814.95,396.51,21.8,743.64,41.0,,,1418.44,78.2,amber,red,unknown,unknown,1814.95,0.0,396.51,0.0,21.8,,78.2,,,,,,,unknown,unknown,unknown,unknown,0,,
2026-04-20,22.13,3.72,16.8,,,,,18.41,83.2,green,unknown,unknown,unknown,22.13,0.0,3.72,0.0,16.8,,83.2,,,,,,,unknown,unknown,unknown,unknown,0,,
2026-04-21,1277.49,342.53,26.8,574.34,45.0,0.0,0.0,934.96,73.2,red,unknown,unknown,unknown,1277.49,0.0,342.53,0.0,26.8,,73.2,,,,,,,unknown,unknown,unknown,unknown,0,,
2026-04-22,816.9,127.92,15.7,732.76,89.7,84.59,10.4,688.98,84.3,green,unknown,unknown,unknown,816.9,0.0,127.92,0.0,15.7,,84.3,,,,,,,unknown,unknown,unknown,unknown,0,,
2026-04-23,1466.35,267.88,18.3,684.47,46.7,67.2,4.6,1198.47,81.7,yellow,unknown,unknown,unknown,1466.35,0.0,267.88,0.0,18.3,,81.7,,,,,,,unknown,unknown,unknown,unknown,0,,
2026-04-24,3375.08,622.29,18.4,1056.35,31.3,176.88,5.2,2752.79,81.6,yellow,unknown,unknown,unknown,3375.08,0.0,622.29,0.0,18.4,,81.6,,,,,,,unknown,unknown,unknown,unknown,0,,
2026-04-25,4195.69,958.64,22.8,1711.93,40.8,223.05,5.3,3237.05,77.2,red,unknown,unknown,unknown,4195.69,0.0,958.64,0.0,22.8,,77.2,,,,,,,unknown,unknown,unknown,unknown,0,,
2026-04-26,2923.61,518.68,17.7,743.69,25.4,100.83,3.4,2404.93,82.3,yellow,unknown,unknown,unknown,2923.61,0.0,518.68,0.0,17.7,,82.3,,,,,,,unknown,unknown,unknown,unknown,0,,
2026-04-27,54.88,13.77,25.1,28.62,52.2,3.63,6.6,41.11,74.9,red,red,yellow,unknown,54.88,0.0,13.77,0.0,25.1,,74.9,,,,,,,unknown,unknown,unknown,unknown,0,,
2026-04-28,1020.18,255.5,25.0,532.07,52.2,67.56,6.6,764.68,75.0,red,red,yellow,unknown,1020.18,0.0,255.5,0.0,25.0,,75.0,,,,,,,unknown,unknown,unknown,unknown,0,,
2026-04-29,610.03,132.53,21.7,318.16,52.2,40.4,6.6,477.5,78.3,amber,red,yellow,unknown,610.03,0.0,132.53,0.0,21.7,,78.3,,,,,,,unknown,unknown,unknown,unknown,0,,
2026-04-30,1060.0,213.17,20.1,552.84,52.2,70.2,6.6,846.83,79.9,yellow,red,yellow,unknown,1060.0,0.0,213.17,0.0,20.1,,79.9,,,,,,,unknown,unknown,unknown,unknown,0,,
2026-05-01,3471.46,648.92,18.7,1810.53,52.2,229.89,6.6,2822.54,81.3,yellow,red,yellow,unknown,3471.46,0.0,648.92,0.0,18.7,,81.3,,,,,,,unknown,unknown,unknown,unknown,0,,
2026-05-02,2323.97,454.72,19.6,1212.06,52.2,153.9,6.6,1869.25,80.4,yellow,red,yellow,unknown,2323.97,0.0,454.72,0.0,19.6,,80.4,,,,,,,unknown,unknown,unknown,unknown,0,,
2026-05-03,1671.77,299.85,17.9,871.91,52.2,110.71,6.6,1371.92,82.1,yellow,red,yellow,unknown,1671.77,0.0,299.85,0.0,17.9,,82.1,,,,,,,unknown,unknown,unknown,unknown,0,,
2026-05-04,3.75,4.69,124.9,1.54,40.9,0.21,5.6,-0.94,-24.9,red,red,green,unknown,3.75,0.0,4.69,0.0,125.1,,-25.1,,,,,,,unknown,unknown,unknown,unknown,0,,
2026-05-05,958.29,226.86,23.7,392.1,40.9,53.21,5.6,731.43,76.3,red,red,green,unknown,958.29,0.0,226.86,0.0,23.7,,76.3,,,,,,,unknown,unknown,unknown,unknown,0,,
2026-05-06,1086.25,218.13,20.1,444.46,40.9,60.32,5.6,868.12,79.9,yellow,red,green,unknown,1086.25,0.0,218.13,0.0,20.1,,79.9,,,,,,,unknown,unknown,unknown,unknown,0,,
2026-05-07,1400.78,284.41,20.3,573.16,40.9,77.78,5.6,1116.37,79.7,yellow,red,green,unknown,1400.78,0.0,284.41,0.0,20.3,,79.7,,,,,,,unknown,unknown,unknown,unknown,0,,
2026-05-08,4070.64,796.81,19.6,1665.59,40.9,226.03,5.6,3273.83,80.4,yellow,red,green,unknown,4070.64,0.0,796.81,0.0,19.6,,80.4,,,,,,,unknown,unknown,unknown,unknown,0,,
2026-05-09,2557.04,530.84,20.8,1046.27,40.9,141.99,5.6,2026.2,79.2,amber,red,green,unknown,2557.04,0.0,530.84,0.0,20.8,,79.2,,,,,,,unknown,unknown,unknown,unknown,0,,
2026-05-10,1985.61,395.7,19.9,812.45,40.9,110.26,5.6,1589.91,80.1,yellow,red,green,unknown,1985.61,0.0,395.7,0.0,19.9,,80.1,,,,,,,unknown,unknown,unknown,unknown,0,,
2026-05-11,3.64,0.0,0.0,1.56,42.9,0.2,5.5,3.64,100.0,green,red,green,unknown,3.64,0.0,,,,,,,,,,,,unknown,unknown,unknown,unknown,0,,
2026-05-12,1753.6,386.3,22.0,752.58,42.9,96.51,5.5,1367.3,78.0,amber,red,green,unknown,1753.6,0.0,386.3,0.0,22.0,,78.0,,,,,,,unknown,unknown,unknown,unknown,0,,
2026-05-13,723.73,148.21,20.5,310.6,42.9,39.83,5.5,575.52,79.5,yellow,red,green,unknown,723.73,0.0,148.21,0.0,20.5,,79.5,,,,,,,unknown,unknown,unknown,unknown,0,,
2026-05-14,1812.1,401.74,22.2,777.68,42.9,99.73,5.5,1410.36,77.8,amber,red,green,unknown,1812.1,0.0,401.74,0.0,22.2,,77.8,,,,,,,unknown,unknown,unknown,unknown,0,,
2026-05-15,3622.95,737.38,20.4,1554.83,42.9,199.4,5.5,2885.57,79.6,yellow,red,green,unknown,3622.95,0.0,737.38,0.0,20.4,,79.6,,,,,,,unknown,unknown,unknown,unknown,0,,
2026-05-16,2924.75,575.0,19.7,1255.19,42.9,160.97,5.5,2349.75,80.3,yellow,red,green,unknown,2924.75,0.0,575.0,0.0,19.7,,80.3,,,,,,,unknown,unknown,unknown,unknown,0,,
2026-05-17,1438.95,265.58,18.5,617.54,42.9,79.2,5.5,1173.37,81.5,yellow,red,green,unknown,1438.95,0.0,265.58,0.0,18.5,,81.5,,,,,,,unknown,unknown,unknown,unknown,0,,
2026-05-18,3.75,16.05,427.5,1.61,42.9,0.22,5.8,-12.3,-327.5,red,red,green,unknown,3.75,0.0,16.05,0.0,428.0,,-328.0,,,,,,,unknown,unknown,unknown,unknown,0,,
2026-05-19,932.95,189.94,20.4,400.31,42.9,53.77,5.8,743.01,79.6,yellow,red,green,unknown,932.95,0.0,189.94,0.0,20.4,,79.6,,,,,,,unknown,unknown,unknown,unknown,0,,
2026-05-20,833.55,142.32,17.1,357.66,42.9,48.04,5.8,691.23,82.9,green,red,green,unknown,833.55,0.0,142.32,0.0,17.1,,82.9,,,,,,,unknown,unknown,unknown,unknown,0,,
2026-05-21,909.96,209.44,23.0,390.45,42.9,52.44,5.8,700.52,77.0,red,red,green,unknown,909.96,0.0,209.44,0.0,23.0,,77.0,,,,,,,unknown,unknown,unknown,unknown,0,,
2026-05-22,4130.12,830.52,20.1,1772.15,42.9,238.02,5.8,3299.6,79.9,yellow,red,green,unknown,4130.12,0.0,830.52,0.0,20.1,,79.9,,,,,,,unknown,unknown,unknown,unknown,0,,
2026-05-23,3080.59,570.35,18.5,1321.82,42.9,177.54,5.8,2510.24,81.5,yellow,red,green,unknown,3080.59,0.0,570.35,0.0,18.5,,81.5,,,,,,,unknown,unknown,unknown,unknown,0,,
2026-05-24,1260.99,239.24,19.0,541.07,42.9,72.67,5.8,1021.75,81.0,yellow,red,green,unknown,1260.99,0.0,239.24,0.0,19.0,,81.0,,,,,,,unknown,unknown,unknown,unknown,0,,
2026-05-25,18.3,5.04,27.5,7.84,42.8,1.14,6.3,13.26,72.5,red,red,yellow,unknown,18.3,0.0,5.04,0.0,27.5,,72.5,,,,,,,unknown,unknown,unknown,unknown,0,,
2026-05-26,1288.46,276.28,21.4,551.93,42.8,80.59,6.3,1012.18,78.6,amber,red,yellow,unknown,1288.46,0.0,276.28,0.0,21.4,,78.6,,,,,,,unknown,unknown,unknown,unknown,0,,
2026-05-27,1278.83,282.35,22.1,547.8,42.8,79.99,6.3,996.48,77.9,amber,red,yellow,unknown,1278.83,0.0,282.35,0.0,22.1,,77.9,,,,,,,unknown,unknown,unknown,unknown,0,,
2026-05-28,1142.0,259.66,22.7,489.19,42.8,71.43,6.3,882.34,77.3,red,red,yellow,unknown,1142.0,0.0,259.66,0.0,22.7,,77.3,,,,,,,unknown,unknown,unknown,unknown,0,,
2026-05-29,3865.79,749.68,19.4,1655.97,42.8,241.8,6.3,3116.11,80.6,yellow,red,yellow,unknown,3865.79,0.0,749.68,0.0,19.4,,80.6,,,,,,,unknown,unknown,unknown,unknown,0,,
2026-05-30,3320.02,669.14,20.2,1422.18,42.8,207.66,6.3,2650.88,79.8,yellow,red,yellow,unknown,3320.02,0.0,669.14,0.0,20.2,,79.8,,,,,,,unknown,unknown,unknown,unknown,0,,
2026-05-31,1526.87,277.39,18.2,654.06,42.8,95.5,6.3,1249.48,81.8,yellow,red,yellow,unknown,1526.87,0.0,277.39,0.0,18.2,,81.8,,,,,,,unknown,unknown,unknown,unknown,0,,
2026-06-02,854.19,190.55,22.3,377.4,44.2,46.99,5.5,663.64,77.7,amber,red,green,unknown,854.19,0.0,190.55,0.0,22.3,,77.7,,,,,,,unknown,unknown,unknown,unknown,0,,
2026-06-03,570.14,109.53,19.2,251.9,44.2,31.36,5.5,460.61,80.8,yellow,red,green,unknown,570.14,0.0,109.53,0.0,19.2,,80.8,,,,,,,unknown,unknown,unknown,unknown,0,,
2026-06-04,1309.71,257.42,19.7,578.65,44.2,72.04,5.5,1052.29,80.3,yellow,red,green,unknown,1309.71,0.0,257.42,0.0,19.7,,80.3,,,,,,,unknown,unknown,unknown,unknown,0,,
2026-06-05,3688.92,746.68,20.2,1629.83,44.2,202.91,5.5,2942.24,79.8,yellow,red,green,unknown,3688.92,0.0,746.68,0.0,20.2,,79.8,,,,,,,unknown,unknown,unknown,unknown,0,,
2026-06-06,1895.3,363.33,19.2,837.38,44.2,104.25,5.5,1531.97,80.8,yellow,red,green,unknown,1895.3,0.0,363.33,0.0,19.2,,80.8,,,,,,,unknown,unknown,unknown,unknown,0,,
2026-06-07,2607.79,544.38,20.9,1152.17,44.2,143.44,5.5,2063.41,79.1,amber,red,green,unknown,2607.79,0.0,544.38,0.0,20.9,,79.1,,,,,,,unknown,unknown,unknown,unknown,0,,
2026-06-08,12.82,0.0,0.0,5.37,41.9,0.52,4.1,12.82,100.0,green,red,green,unknown,12.82,0.0,,,,,,,,,,,,unknown,unknown,unknown,unknown,0,,
2026-06-09,42.25,3.27,7.7,17.72,41.9,1.72,4.1,38.98,92.3,green,red,green,unknown,42.25,0.0,3.27,0.0,7.7,,92.3,,,,,,,unknown,unknown,unknown,unknown,0,,
2026-06-10,588.7,117.69,20.0,246.82,41.9,23.94,4.1,471.01,80.0,yellow,red,green,unknown,588.7,0.0,117.69,0.0,20.0,,80.0,,,,,,,unknown,unknown,unknown,unknown,0,,
2026-06-11,1237.29,273.57,22.1,518.75,41.9,50.32,4.1,963.72,77.9,amber,red,green,unknown,1237.29,0.0,273.57,0.0,22.1,,77.9,,,,,,,unknown,unknown,unknown,unknown,0,,
2026-06-12,2762.54,565.68,20.5,1158.22,41.9,112.36,4.1,2196.86,79.5,yellow,red,green,unknown,2762.54,0.0,565.68,0.0,20.5,,79.5,,,,,,,unknown,unknown,unknown,unknown,0,,
2026-06-13,2861.56,528.79,18.5,1199.74,41.9,116.39,4.1,2332.77,81.5,yellow,red,green,unknown,2861.56,0.0,528.79,0.0,18.5,,81.5,,,,,,,unknown,unknown,unknown,unknown,0,,
2026-06-14,1923.2,358.92,18.7,806.32,41.9,78.22,4.1,1564.28,81.3,yellow,red,green,unknown,1923.2,0.0,358.92,0.0,18.7,,81.3,,,,,,,unknown,unknown,unknown,unknown,0,,
2026-06-15,3.64,0.0,0.0,1.35,37.2,0.17,4.8,3.64,100.0,green,red,green,unknown,3.64,0.0,,,,,,,,,,,,unknown,unknown,unknown,unknown,0,,
2026-06-16,1095.85,235.29,21.5,407.56,37.2,52.63,4.8,860.56,78.5,amber,red,green,unknown,1095.85,0.0,235.29,0.0,21.5,,78.5,,,,,,,unknown,unknown,unknown,unknown,0,,
2026-06-17,1709.11,362.74,21.2,635.63,37.2,82.08,4.8,1346.37,78.8,amber,red,green,unknown,1709.11,0.0,362.74,0.0,21.2,,78.8,,,,,,,unknown,unknown,unknown,unknown,0,,
2026-06-18,948.74,148.23,15.6,352.84,37.2,45.56,4.8,800.51,84.4,green,red,green,unknown,948.74,0.0,148.23,0.0,15.6,,84.4,,,,,,,unknown,unknown,unknown,unknown,0,,
2026-06-19,3431.53,684.08,19.9,1276.22,37.2,164.79,4.8,2747.45,80.1,yellow,red,green,unknown,3431.53,0.0,684.08,0.0,19.9,,80.1,,,,,,,unknown,unknown,unknown,unknown,0,,
2026-06-20,3122.61,700.86,22.4,1161.33,37.2,149.95,4.8,2421.75,77.6,amber,red,green,unknown,3122.61,0.0,700.86,0.0,22.4,,77.6,,,,,,,unknown,unknown,unknown,unknown,0,,
2026-06-21,1611.35,285.88,17.7,599.27,37.2,77.38,4.8,1325.47,82.3,yellow,red,green,unknown,1611.35,0.0,285.88,0.0,17.7,,82.3,,,,,,,unknown,unknown,unknown,unknown,0,,
2026-06-23,1054.91,243.61,23.1,485.63,46.0,51.6,4.9,811.3,76.9,red,red,green,unknown,1054.91,0.0,243.61,0.0,23.1,,76.9,,,,,,,unknown,unknown,unknown,unknown,0,,
2026-06-24,627.95,127.2,20.3,289.08,46.0,30.72,4.9,500.75,79.7,yellow,red,green,unknown,627.95,0.0,127.2,0.0,20.3,,79.7,,,,,,,unknown,unknown,unknown,unknown,0,,
2026-06-25,518.42,650.03,125.4,238.66,46.0,25.36,4.9,-131.61,-25.4,red,red,green,unknown,518.42,0.0,650.03,0.0,125.4,,-25.4,,,,,,,unknown,unknown,unknown,unknown,0,,
2026-06-26,3390.15,671.91,19.8,1560.67,46.0,165.84,4.9,2718.24,80.2,yellow,red,green,unknown,3390.15,0.0,671.91,0.0,19.8,,80.2,,,,,,,unknown,unknown,unknown,unknown,0,,
2026-06-27,2515.0,467.54,18.6,1157.79,46.0,123.03,4.9,2047.46,81.4,yellow,red,green,unknown,2515.0,0.0,467.54,0.0,18.6,,81.4,,,,,,,unknown,unknown,unknown,unknown,0,,
2026-06-28,1109.64,208.71,18.8,510.83,46.0,54.28,4.9,900.93,81.2,yellow,red,green,unknown,1109.64,0.0,208.71,0.0,18.8,,81.2,,,,,,,unknown,unknown,unknown,unknown,0,,
2026-06-29,3.75,0.0,0.0,1.52,40.4,0.08,2.1,3.75,100.0,green,red,green,unknown,3.75,0.0,,,,,,,,,,,,unknown,unknown,unknown,unknown,0,,
2026-06-30,1210.61,280.58,23.2,488.54,40.4,25.99,2.1,930.03,76.8,red,red,green,unknown,1210.61,0.0,280.58,0.0,23.2,,76.8,,,,,,,unknown,unknown,unknown,unknown,0,,
2026-07-01,846.75,169.43,20.0,341.7,40.4,18.18,2.1,677.32,80.0,yellow,red,green,unknown,846.75,0.0,169.43,0.0,20.0,,80.0,,,,,,,unknown,unknown,unknown,unknown,0,,
2026-07-02,1371.12,257.59,18.8,553.31,40.4,29.43,2.1,1113.53,81.2,yellow,red,green,unknown,1371.12,0.0,257.59,0.0,18.8,,81.2,,,,,,,unknown,unknown,unknown,unknown,0,,
2026-07-03,3324.06,653.58,19.7,1341.42,40.4,71.36,2.1,2670.48,80.3,yellow,red,green,unknown,3324.06,0.0,653.58,0.0,19.7,,80.3,,,,,,,unknown,unknown,unknown,unknown,0,,
2026-07-04,2168.7,451.88,20.8,875.17,40.4,46.55,2.1,1716.82,79.2,amber,red,green,unknown,2168.7,0.0,451.88,0.0,20.8,,79.2,,,,,,,unknown,unknown,unknown,unknown,0,,
2026-07-05,1346.47,228.04,16.9,543.37,40.4,28.9,2.1,1118.43,83.1,green,red,green,unknown,1346.47,0.0,228.04,0.0,16.9,,83.1,,,,,,,unknown,unknown,unknown,unknown,0,,
2026-07-06,13.58,0.0,0.0,0.0,0.0,0.0,0.0,13.58,100.0,green,green,green,unknown,13.58,0.0,,,,,,,,,,,,unknown,unknown,unknown,unknown,0,0.0,
2026-07-07,1324.28,274.33,20.7,634.0,47.9,0.0,0.0,1049.95,79.3,amber,red,green,unknown,1324.28,0.0,274.33,0.0,20.7,,79.3,,,,,,,unknown,unknown,unknown,unknown,0,0.0,
2026-07-08,1443.49,331.75,23.0,638.09,44.2,81.76,5.7,1111.74,77.0,red,red,green,unknown,1443.49,0.0,331.75,0.0,23.0,,77.0,,,,,,,unknown,unknown,unknown,unknown,0,0.0,
2026-07-09,1582.15,298.12,18.8,578.5,36.6,81.78,5.2,1284.03,81.2,yellow,red,green,unknown,1582.15,0.0,298.12,0.0,18.8,,81.2,,,,,,,unknown,unknown,unknown,unknown,0,0.0,
2026-07-10,3210.66,741.33,23.1,929.29,28.9,0.0,0.0,2469.33,76.9,red,green,green,unknown,3210.66,0.0,741.33,0.0,23.1,,76.9,,,,,,,unknown,unknown,unknown,unknown,0,0.0,
2026-07-11,1981.38,456.86,23.1,736.19,37.2,0.0,0.0,1524.52,76.9,red,red,green,unknown,1981.38,0.0,456.86,0.0,23.1,,76.9,,,,,,,unknown,unknown,unknown,unknown,0,0.0,
2026-07-12,1559.85,275.99,17.7,588.06,37.7,0.0,0.0,1283.86,82.3,yellow,red,green,unknown,1559.85,0.0,275.99,0.0,17.7,,82.3,,,,,,,unknown,unknown,unknown,unknown,0,0.0,
2026-07-13,,0,0,0.0,0,0.0,0,0.0,0,green,green,green,unknown,,,,,,,,,,,,,,unknown,unknown,unknown,unknown,0,0.0,
2026-07-14,785.17,175.44,22.3,476.35,60.7,0.0,0.0,609.73,77.7,amber,red,green,unknown,785.17,0.0,175.44,0.0,22.3,,77.7,,,,,,,unknown,unknown,unknown,unknown,0,0.0,
2026-07-15,788.37,192.65,24.4,417.85,53.0,0.0,0.0,595.72,75.6,red,red,green,unknown,788.37,0.0,192.65,0.0,24.4,,75.6,,,,,,,unknown,unknown,unknown,unknown,0,0.0,
